customer_id,frequency,recency,T,monetary_value,predicted_purchases,expected_average_profit,CLV
1,8.0,1023.0,1038.0,202.78965299571485,0.09709255696115283,207.43639044559401,566.708051250683
2,14.0,1017.0,1077.0,273.3806494219583,0.14359003250272828,276.83095137729543,1118.477975257878
3,6.0,630.0,687.0,291.07379898217596,0.10645111474874601,299.7368230508743,897.7983667432785
4,7.0,840.0,1071.0,311.2173474280749,0.08668619302481925,319.08615034543055,778.2988387306345
5,8.0,597.0,934.0,215.6745907972049,0.10471896522074244,220.58494347688261,649.9646018754889
6,12.0,929.0,1004.0,285.371716586511,0.13389304880693517,289.5673028708136,1090.9279010132861
7,12.0,894.0,961.0,229.77138285436203,0.13815452552079824,233.2137478361596,906.5833973796705
8,13.0,912.0,930.0,243.44905593160703,0.1504896524267063,246.7941767802595,1045.0330960350452
9,4.0,876.0,941.0,223.78849369736457,0.06810605922357979,234.15326123532796,448.71900096526207
10,16.0,1019.0,1045.0,313.4967462480742,0.163516302945337,316.9176089906714,1458.1289326306241
11,7.0,994.0,1052.0,316.0209410017154,0.0878283556606572,324.002390382385,800.7030146586542
12,16.0,917.0,1027.0,269.99420489812906,0.16559338287686312,272.9745607371977,1271.9020040736275
13,8.0,891.0,943.0,334.4725117042311,0.10401195362674252,341.8133721366023,1000.3703241353029
14,10.0,1052.0,1066.0,288.66007277705455,0.11170856482832611,293.76205678717747,923.359177228494
15,4.0,534.0,653.0,242.7927637265007,0.08691133297487309,253.95139656382992,621.0341951339769
16,19.0,894.0,983.0,335.2537823721568,0.1971192592975574,338.3151400167236,1876.4586102202493
17,8.0,990.0,1004.0,320.53489193445836,0.09946060988353599,327.59060012977113,916.7924899622985
18,7.0,1022.0,1022.0,286.9623438466156,0.08969435191737274,294.26235585166114,742.657038278444
19,5.0,1004.0,1028.0,275.91376123252314,0.07238999858845482,285.8643846732733,582.2736221510245
20,5.0,851.0,884.0,135.41725161539458,0.08057200750977558,140.71160817205998,319.00875968597944
21,16.0,908.0,972.0,213.07677653961125,0.17228017206523327,215.4807862769354,1044.557486060359
22,10.0,1076.0,1089.0,220.99043432965567,0.109971419830374,224.98935975754895,696.1940536082783
23,4.0,423.0,798.0,199.18399633988145,0.07630377429065419,208.5209603036745,447.69705154574905
24,10.0,1051.0,1060.0,282.36251717031024,0.11217079623963944,287.361846978069,906.9793652763933
25,8.0,947.0,978.0,278.0441216560806,0.10135089575278093,284.2305036393603,810.5629962048007
26,7.0,1035.0,1044.0,339.87514204969955,0.08831832082953468,348.4159833402052,865.8394519642804
27,7.0,942.0,1024.0,235.5328903148846,0.08956748886523719,241.6268581445219,608.9534603772642
28,8.0,930.0,1016.0,240.04307909680418,0.09861174912630467,245.4519910044666,681.0574043702402
29,5.0,917.0,1055.0,125.83455840068886,0.07103741477994312,130.81133000668487,261.46948219075966
30,12.0,957.0,1045.0,211.75191472702946,0.13006762449465956,214.95016881340143,786.6752675577001
31,10.0,1034.0,1083.0,195.74573644907989,0.1104193581645879,199.33315708262424,619.3173703714679
32,3.0,744.0,903.0,72.0430881402679,0.060827079897165036,77.4867640796983,132.6212112669334
33,9.0,1040.0,1062.0,337.0590457195964,0.10375202692369209,343.61638711026706,1003.1340093997435
34,7.0,654.0,743.0,207.96886094083942,0.11178081898816254,213.4164396919531,671.2490054498929
35,4.0,636.0,981.0,273.38982987310226,0.06611906121746802,285.82659383774904,531.7626254860056
36,5.0,994.0,994.0,230.70227878281253,0.07416832156648379,239.15452529530552,499.0976804533979
37,10.0,666.0,1069.0,299.25517269881186,0.11147887475151663,304.5298636446658,955.2366169628938
38,7.0,757.0,1069.0,312.352743768852,0.08680501983315927,320.24817224898425,782.2039376430635
39,9.0,976.0,1025.0,388.5948628500859,0.10646491173959227,396.08730557916607,1186.5496608604233
40,5.0,701.0,925.0,289.0413412408901,0.07805994195150984,299.4270325436655,657.6695396402405
41,11.0,919.0,1079.0,175.70015418672276,0.11888864826355124,178.6600087421304,597.6628171883082
42,16.0,962.0,1053.0,251.50284964929799,0.16260978918676416,254.29596195293303,1163.5221306706353
43,11.0,1076.0,1078.0,284.6645135963315,0.11896963319037751,289.2366962118311,968.2288347816957
44,13.0,1036.0,1062.0,251.01355430424476,0.13680909785944662,254.45317060094615,979.5155689578169
45,6.0,504.0,536.0,227.47987042670752,0.12380913137585403,234.39620995446833,816.5668768236457
46,15.0,1071.0,1093.0,221.35820043685604,0.15013240286423382,224.0137183884368,946.3189739694801
47,9.0,959.0,964.0,385.2351245936077,0.11126121545239027,392.6666059192355,1229.295426871398
48,7.0,823.0,883.0,340.0890760968388,0.09948789414179464,348.6349342384629,975.9546513688997
49,9.0,973.0,976.0,235.18327717523755,0.11028383544755246,239.89211449977273,744.4170841888921
50,6.0,695.0,751.0,292.7406367914612,0.10048032885863306,301.4494425864951,852.283401268427
51,4.0,787.0,967.0,408.03918430089556,0.06680118610901459,426.10065523394223,800.9121338306563
52,16.0,1010.0,1015.0,260.8747977120081,0.167007669084079,263.76281039831105,1239.4770038780023
53,11.0,951.0,957.0,301.6305048895868,0.1296563142146441,306.4537305431734,1118.0135872027072
54,14.0,1042.0,1070.0,264.8015333646063,0.14427846170288586,268.15240902100277,1088.6084563160666
55,7.0,715.0,826.0,162.9744435485106,0.1041512577384249,167.36688266084852,490.48140082116777
56,13.0,955.0,976.0,284.3348062591919,0.14542204604018255,288.1906704652621,1179.230397289783
57,16.0,965.0,1055.0,234.85359228926978,0.16238472907282292,237.47811414788418,1085.068794979247
58,11.0,959.0,1035.0,247.42265069709035,0.12255950770790447,251.4437714710127,867.11437786935
59,8.0,912.0,984.0,300.0886736870127,0.10090832646176744,306.7260690736142,870.8957874616427
60,8.0,929.0,1032.0,172.97228311988053,0.09750222032326519,177.00898170632826,485.6219479820107
61,5.0,455.0,541.0,237.97087758054286,0.11025533855860463,246.66401645376283,765.2334108569713
62,7.0,995.0,1040.0,217.41575528048074,0.08856535916261293,223.08486801867033,555.9330564242687
63,11.0,876.0,1071.0,305.2244580134698,0.11953963175036697,310.10086281205105,1043.0458168716893
64,6.0,713.0,840.0,236.87357799348345,0.09321000358661763,244.04792711684055,640.0680442650892
65,12.0,1066.0,1069.0,305.3389789809174,0.12792811136375573,309.8050630550467,1115.1749280185193
66,8.0,850.0,986.0,247.3141380760398,0.1007616610358239,252.8718098701076,716.9423458290273
67,6.0,1008.0,1088.0,187.89729339512073,0.07757025740847831,193.72644933535972,422.83667468382424
68,10.0,978.0,1066.0,263.39385525294625,0.11170856482832611,268.083983684705,842.6473088816251
69,10.0,807.0,993.0,353.9952065218413,0.11760482162050533,360.1621951876981,1191.8229654442205
70,10.0,819.0,1040.0,204.01305696499327,0.11373958096419358,207.73524023443096,664.8295246123
71,10.0,933.0,1015.0,283.5128058057168,0.11576336755539791,288.53088605725566,939.8357453879798
72,15.0,978.0,1070.0,204.63649457299647,0.1524974468410343,207.11127818736017,888.6992609966399
73,12.0,870.0,1048.0,305.44149872049985,0.12979627986782144,309.908971636145,1131.8396180295763
74,13.0,1029.0,1044.0,222.70297592597288,0.13852632582669114,225.78893747167905,880.082677139784
75,11.0,1006.0,1036.0,222.0747646506352,0.1224735634147453,225.72081684104867,777.8618365719296
76,10.0,734.0,829.0,307.1951888262017,0.13342651847971665,312.59930713613363,1173.5961134299919
77,10.0,883.0,999.0,303.56984023844603,0.11709682196716378,308.9148630372292,1017.8233507222512
78,6.0,451.0,567.0,245.07398914471344,0.1197987388783967,252.47357252726073,851.0531217929309
79,9.0,732.0,920.0,160.99288925578082,0.1149981356053211,164.35556511624253,531.8188307876778
80,5.0,640.0,675.0,256.2724415469593,0.09638328230072735,265.57212193822846,720.2324640756514
81,6.0,610.0,1007.0,217.94371047948042,0.0820677783115663,224.59812778387678,518.6415491518502
82,11.0,950.0,1035.0,241.37849661556567,0.12255950770790447,245.31018301591888,845.9624411710157
83,2.0,934.0,1001.0,306.3296841046159,0.04791506603498227,335.1595131840551,451.8685748380177
84,12.0,980.0,1035.0,242.17157631997944,0.13098035780120917,245.78192752140083,905.8256529633375
85,5.0,649.0,851.0,306.05661983915604,0.08271447553287299,317.0062232168754,737.7985643948488
86,3.0,686.0,930.0,253.29618713317086,0.05958292193138375,268.97773190742066,450.9481626007574
87,10.0,812.0,1063.0,350.32345170012854,0.11193920336209053,356.43058840340865,1122.6533505201269
88,6.0,926.0,1048.0,202.28247635485056,0.07972793219567076,208.5067388290789,467.75570559234427
89,7.0,903.0,1040.0,239.4045731886919,0.08856535916261293,245.5893337500875,612.0147464482417
90,11.0,1004.0,1032.0,253.25712782625897,0.12281806583819943,257.36458041768833,889.4049219003349
91,7.0,1008.0,1036.0,274.0014942830047,0.08881378337168365,280.9975684459946,702.2171473345059
92,5.0,803.0,915.0,285.2260597968248,0.07865808671675317,295.4853069004534,653.984968153195
93,7.0,1044.0,1050.0,272.7757627042839,0.08795033658464028,279.74309290190735,692.2857234166324
94,11.0,1078.0,1081.0,235.09492061981535,0.1187270087282182,238.9336299591317,798.2065819806138
95,5.0,866.0,940.0,240.51135888876428,0.07717958935302648,249.2886931560004,541.3691974402478
96,12.0,813.0,926.0,159.46203337778607,0.1418287523159501,161.95191307332348,646.3070039572141
97,5.0,724.0,767.0,259.14170448404263,0.08871949725116074,268.5364765899179,670.3642658232262
98,10.0,967.0,998.0,298.9581403082385,0.11718118358859729,304.22798943529244,1003.1030364372541
99,13.0,1042.0,1082.0,294.7775130715449,0.1349503218748559,298.76382720442666,1134.4632618393173
100,11.0,1054.0,1091.0,290.7152885366574,0.11792535942944969,295.37700349350644,980.104507397093
101,10.0,873.0,987.0,314.4168412775138,0.11811724817589009,319.9386771620784,1063.3312140087605
102,5.0,873.0,878.0,178.31905946571828,0.08095325276073896,185.03524684014002,421.48028492894247
103,8.0,715.0,807.0,185.1887296208082,0.11582918058450832,189.47536665486652,617.5316733927539
104,11.0,871.0,1060.0,229.306901672008,0.12044646269412156,233.05996662803742,789.8601937496059
105,12.0,730.0,1079.0,282.93029305428144,0.12705728000454505,287.0928052167313,1026.3851506116387
106,8.0,678.0,923.0,229.22476734730333,0.10559625276772396,234.4123454944297,696.4941687702262
107,6.0,1002.0,1055.0,303.521266274114,0.07934171607929602,312.52617516085263,697.7124681668629
108,7.0,964.0,1010.0,209.50222895716044,0.09046314182696259,214.98576588861332,547.229965643324
109,5.0,728.0,814.0,269.65046415655416,0.08525629320414244,279.39351245654467,670.2414172343401
110,7.0,634.0,1004.0,218.4754922995922,0.09085250015268528,224.1694563549084,573.0622744178254
111,7.0,854.0,885.0,177.3427032989134,0.09933183889502535,182.07208466501322,508.8858061616781
112,13.0,911.0,922.0,307.38926965150483,0.1514072482877144,311.53312940473046,1327.2092556150087
113,5.0,809.0,835.0,263.266753166617,0.0837947976401871,272.7982356265662,643.201592586837
114,6.0,880.0,1074.0,188.04473598079508,0.07831203212163337,193.8779416108539,427.2139163897921
115,8.0,844.0,988.0,263.7539824378128,0.10061542133347483,269.6479999260585,763.396651993484
116,9.0,959.0,1021.0,203.84446970430042,0.10676671847439236,207.98467413540482,624.8211562791946
117,3.0,832.0,943.0,237.5557172193642,0.05900185811317659,252.34818000124332,418.9424451652976
118,12.0,853.0,933.0,268.3758731505987,0.14107835507708083,272.34121564910606,1081.0910113407763
119,8.0,925.0,1073.0,284.6580698374277,0.09476982293242692,290.9797677606493,775.9278848310645
120,12.0,983.0,1068.0,203.05255799652693,0.12801585149005515,206.1329613369111,742.5055242239997
121,8.0,930.0,945.0,257.26745247141207,0.10385613447566168,263.0287608915946,768.641609201338
122,8.0,764.0,1077.0,279.8351853858051,0.09451142454431487,286.0582110598786,760.7241874659902
123,5.0,705.0,728.0,146.57745399295646,0.09181426855912211,152.24167654054176,393.307505473952
124,7.0,964.0,1080.0,148.06423372015345,0.08615547360489142,152.107021601869,368.74032498579874
125,13.0,976.0,981.0,195.54819829575848,0.1448917090209443,198.294943312829,808.4323279527778
126,9.0,994.0,1056.0,318.01113723053214,0.10418252305555795,324.2228602587943,950.4450234076257
127,5.0,632.0,889.0,232.0394865591682,0.08025703546742512,240.5360501604142,543.1900253251421
128,7.0,742.0,1076.0,323.4583069766608,0.08639054443543677,331.61416598641443,806.0978874395469
129,17.0,1075.0,1091.0,238.77581328994114,0.16654003449756108,241.28183896727413,1130.659359091516
130,12.0,821.0,1026.0,251.32787926311462,0.1318128399252492,255.06227149030005,946.002834226499
131,13.0,954.0,1064.0,231.7736962685338,0.13662091921703437,234.97296893424723,903.2825175358417
132,8.0,837.0,863.0,374.9929654306146,0.11065259902818667,383.1628410189135,1192.9809297473782
133,8.0,1003.0,1008.0,263.4651834691732,0.09917603714672474,269.3532923680523,751.6532449923695
134,7.0,907.0,1036.0,344.90707231172007,0.08881378337168365,353.5659146651735,883.566535340361
135,7.0,515.0,983.0,296.61734349432527,0.09224205213925896,304.14376965097176,789.3986478403871
136,8.0,852.0,998.0,229.6345738164587,0.09989054426659602,234.83053626688584,660.0357311296109
137,7.0,971.0,1011.0,209.4099376834044,0.09039857299842038,214.8913103423342,546.5991178291409
138,7.0,925.0,989.0,324.14972064260013,0.09184071888508864,332.321793618619,858.781331775096
139,9.0,967.0,1065.0,169.11651619731077,0.10353811025773305,172.62659273653787,502.9171319622408
140,7.0,655.0,888.0,287.86916755854764,0.09909867181748602,295.19044499382414,823.1114196166836
141,17.0,905.0,955.0,239.78318093137028,0.18337934121846644,242.29880146641773,1250.2307361723053
142,3.0,381.0,482.0,311.4959211107738,0.09019312822502412,330.46480963801184,838.6623890125442
143,10.0,864.0,887.0,219.34698915355793,0.1273665886651528,223.31912536922087,800.3315409548469
144,6.0,616.0,1026.0,217.2536867038015,0.08096661302450983,223.88915166653197,510.0673451215197
145,7.0,784.0,786.0,207.15885858901237,0.10769371428182174,212.58744241501205,644.1936807441929
146,16.0,1064.0,1077.0,241.48273466068474,0.15994956848886419,244.17438324083,1098.9341502673112
147,7.0,1016.0,1019.0,192.30024079535784,0.08988532176153334,197.3803832475133,499.2076853700437
148,3.0,1003.0,1064.0,303.8620978102474,0.054091915508059266,322.39979877659283,490.6995057179021
149,16.0,1077.0,1084.0,242.53493881518733,0.15918998847156327,245.2372420187085,1098.4762513501912
150,5.0,713.0,1090.0,297.421915165879,0.06935751482032458,308.0853513673917,601.2472044145079
151,7.0,981.0,982.0,249.15915833790504,0.09230928227620212,255.57266837639693,663.816860594692
152,13.0,1008.0,1040.0,173.8108803274963,0.13891380276577717,176.28608353179797,689.0518881113431
153,9.0,805.0,901.0,276.5596533835056,0.11669054968009525,282.01925215755693,925.9828424272465
154,9.0,918.0,1015.0,283.4123250058127,0.10722265063395385,288.99626337051177,871.9011773496445
155,8.0,1014.0,1035.0,267.5718770330954,0.09729695742798858,273.5440055046138,748.8847021487811
156,9.0,1071.0,1092.0,220.39873145608135,0.10165183203474068,224.83930780680188,643.0962056986302
157,11.0,992.0,1063.0,248.67444298804622,0.12019778350291198,252.71408633069703,854.7013833492435
158,10.0,1076.0,1081.0,315.6875401673436,0.11056948295788094,321.2300892601951,999.4014946169009
159,1.0,554.0,893.0,19.081035852558404,0.042595509881243894,27.374453266533592,32.80936104907524
160,6.0,571.0,750.0,258.0752211168358,0.10056846684811417,265.83189913741984,752.2417281443984
161,14.0,1066.0,1078.0,304.71341524263465,0.14349222141272552,308.5268432963132,1245.6895239821338
162,6.0,920.0,1052.0,370.37201188706257,0.07950677813954914,381.21305775361424,852.8259770778384
163,10.0,938.0,1055.0,249.84701289336817,0.11255892127670843,254.31631909126114,805.4575353753022
164,8.0,984.0,992.0,291.4304405872212,0.1003242117065658,297.8906956458355,840.9132431614762
165,9.0,860.0,902.0,296.3285030778686,0.11660023431306696,302.14680146778534,991.3018616278505
166,8.0,849.0,1072.0,213.0662291783503,0.0948346434531288,217.92321692463483,581.5124461636148
167,9.0,643.0,1087.0,342.838150423209,0.10199593993330987,349.50035186741246,1003.0417247666085
168,7.0,942.0,1075.0,193.53415767384584,0.08644951271076103,198.64323604038586,483.1976669133316
169,11.0,1063.0,1071.0,334.26529773908254,0.11953963175036697,339.57141516142383,1142.1720691180176
170,7.0,898.0,1081.0,307.0978529998669,0.08609690564687629,314.87005189132714,762.7942246589932
171,11.0,1087.0,1088.0,262.5158192837755,0.1181647152309302,266.76027124011256,886.9465739181485
172,6.0,891.0,936.0,269.7727495268282,0.08646194245493788,277.8507143825712,675.9662353130464
173,4.0,789.0,1008.0,309.0545264547594,0.06484211494658866,322.9811116535384,589.2814825882012
174,5.0,605.0,740.0,245.1277212110471,0.0908392793504192,254.0580487096792,649.3743584257461
175,6.0,972.0,1067.0,253.81034754056873,0.0786882650178647,261.4498856247794,578.8778382621853
176,4.0,1016.0,1042.0,325.2302819799255,0.06330260437197291,339.8325769524957,605.30614686861
177,11.0,1041.0,1050.0,306.7065560027691,0.12128287655496124,311.60489116636967,1063.3892175523201
178,4.0,209.0,284.0,362.76955829861134,0.13449093404286444,378.9399813175111,1434.0091967399342
179,11.0,943.0,966.0,201.72737493977954,0.12879578520721396,205.0723500848344,743.1855500327986
180,15.0,796.0,804.0,273.41753539681116,0.18646993970801004,276.6357297569206,1451.4617648757303
181,10.0,961.0,1026.0,302.9336214630506,0.11486409762500199,308.26827348704506,996.3263874282329
182,6.0,898.0,1008.0,268.40749048677054,0.08200907604665725,276.4479568436189,637.916449199091
183,6.0,791.0,902.0,221.12191540450456,0.08873719637226966,227.86362597001198,568.9435845040176
184,11.0,948.0,983.0,165.221362442827,0.1272011211920244,168.0261640060812,601.390203769278
185,7.0,819.0,949.0,238.89855410943116,0.09458421009100212,245.07144829229696,652.2286262253585
186,14.0,988.0,1024.0,204.1104480697183,0.14897198954722765,206.75795406084592,866.6731485408117
187,13.0,1028.0,1058.0,268.534895102327,0.13718701459886934,272.1933873730285,1050.700824477357
188,1.0,128.0,748.0,240.4220518110896,0.04802271807106302,290.9986663835174,393.2115204570455
189,7.0,648.0,705.0,238.94873589315574,0.1156598492815826,245.1228068617701,797.7280084185787
190,10.0,873.0,1052.0,296.54478588545743,0.11279308822398103,301.7752957849185,957.7555323943269
191,6.0,781.0,842.0,215.95623985530077,0.0930586928551828,222.55606886339783,582.7534951093619
192,9.0,915.0,954.0,244.32074983733023,0.1120890307663052,249.19538375522043,785.9440025030199
193,12.0,1031.0,1036.0,251.80010464020663,0.13088850842551322,255.5408941349934,941.1317524018239
194,12.0,998.0,1028.0,231.71141100890756,0.1316269306812572,235.1800576770796,871.0312658719756
195,11.0,1072.0,1085.0,234.11121782907003,0.11840504466050009,237.93537147677398,792.7161615003454
196,10.0,938.0,1037.0,314.75992401504396,0.11397869136895922,320.2873523686498,1027.192768411541
197,3.0,685.0,869.0,359.03396369496187,0.06246970453340529,380.6879828342842,669.1556002291571
198,7.0,891.0,947.0,216.49088358853888,0.09472569368932601,222.13830766312296,592.0791268337142
199,10.0,1059.0,1059.0,238.79653059820006,0.11224820696638915,243.0857068351071,767.7632733458124
200,7.0,840.0,1069.0,307.1384161280263,0.08680501983315927,314.9115662433688,769.1693145196048
201,10.0,1032.0,1089.0,237.9022918319594,0.109971419830374,242.17689140245744,749.3781568044645
202,17.0,1013.0,1062.0,290.6744776109842,0.1698661687952021,293.67482162777105,1403.6605778083172
203,8.0,921.0,1047.0,230.89760607940963,0.09648447611826476,236.11940913111638,641.0289276381467
204,9.0,1011.0,1086.0,245.70704980754192,0.10206504126904654,250.60683770628975,719.7114787180195
205,12.0,1072.0,1083.0,180.24834017811585,0.1267122580801037,183.0198133108049,652.5371409949266
206,7.0,840.0,1021.0,229.17199849173758,0.08975791830520707,235.11680050282354,593.8064796841347
207,12.0,689.0,811.0,307.5324305167425,0.15540896969033247,312.0282294201165,1364.452638291853
208,11.0,1055.0,1086.0,269.95185591048136,0.11832482630328471,274.3063377020239,913.2721516324492
209,18.0,1082.0,1086.0,331.21475173078613,0.17523407392312426,334.41139988751144,1648.8765024353054
210,10.0,815.0,844.0,251.1923755714066,0.13180468526227238,255.68361204530325,948.2486625213619
211,4.0,759.0,942.0,169.27494915252652,0.06805492986411228,177.36252260235966,339.6330500330155
212,10.0,992.0,1002.0,185.4138935081293,0.11684446434031655,188.8328984638638,620.8322926809353
213,6.0,868.0,1033.0,295.0864069089153,0.08056833288362476,303.8596421313147,688.8519573903509
214,15.0,975.0,986.0,230.7980819127942,0.1618066521244872,233.55562956970837,1063.347488121524
215,11.0,999.0,1067.0,215.37059446916854,0.11986780421377985,218.9174461341829,738.3655411215778
216,10.0,1073.0,1091.0,294.83231189666174,0.10982291358476494,300.0349073698967,927.1569200506594
217,10.0,969.0,1033.0,295.4489509641227,0.11429907350856915,300.66159805032777,966.9614692545449
218,12.0,901.0,915.0,279.2070151169156,0.14302421231760548,283.319087793317,1140.1812553933955
219,9.0,780.0,851.0,207.283674653634,0.12139189242765862,211.48628238656326,722.3711325524616
220,5.0,1003.0,1079.0,234.42090385843053,0.06987685781760399,242.99639123178986,477.7730944021811
221,13.0,1010.0,1033.0,330.4635380420105,0.13959712897727905,334.89564074573354,1315.4504031664553
222,7.0,885.0,1032.0,219.56894731056485,0.08906360515162133,225.28855338531727,564.5831266347085
223,5.0,611.0,1019.0,352.18158872680107,0.07285237909918194,364.6598433553327,747.5154570353892
224,11.0,1049.0,1073.0,205.78163593382115,0.11937621844711657,209.18660132521939,702.6518252942888
225,14.0,853.0,948.0,246.19393863159465,0.15743355994550517,249.32916453292043,1104.4826427730684
226,10.0,822.0,1035.0,243.0370988908632,0.11413865761459872,247.39539911536755,794.534713840715
227,16.0,932.0,1077.0,259.1020212417256,0.15994956848886419,261.9720827865701,1179.03468975642
228,5.0,750.0,1078.0,204.9116979695243,0.06992445674567419,212.50920561562498,418.11461296122627
229,11.0,854.0,986.0,282.9952344569512,0.1269238000738234,287.54271701812905,1026.9136718233467
230,9.0,1022.0,1051.0,273.6116478457138,0.10454400829198776,279.01775597815856,820.7662430884354
231,5.0,560.0,642.0,317.5120182199221,0.09946520350795152,328.8412708307058,920.3351112473505
232,16.0,1002.0,1065.0,260.82977910124333,0.16126870911396135,263.7173359289179,1196.6779448788197
233,11.0,776.0,840.0,269.17772104173906,0.14198913215521705,273.5207480844267,1092.7828680803457
234,3.0,980.0,1039.0,328.9606954783305,0.05503821743532208,348.916061313809,540.3483360585815
235,6.0,894.0,992.0,324.1053281805611,0.08295850634758298,333.6756033457855,778.8859609107584
236,5.0,766.0,978.0,330.0211071494979,0.07503576558271276,341.76492989224846,721.579707086044
237,6.0,680.0,817.0,237.89772881553048,0.0949861172633352,245.10020748598575,655.0769401543582
238,12.0,922.0,1084.0,225.76610595341072,0.1266262951820186,229.1542111910355,816.4700166461475
239,8.0,671.0,961.0,352.40574392297066,0.10262618925260597,360.1135035367897,1039.886899870439
240,5.0,625.0,802.0,216.6643234723468,0.08611455335712656,224.65133090800788,544.3447600693919
241,8.0,617.0,971.0,232.8173354297347,0.10187215835709129,238.07841456500768,682.4392968872186
242,11.0,1013.0,1031.0,241.99936373959466,0.12290449448251463,245.94023701069244,850.5225831536154
243,9.0,1065.0,1084.0,270.72675318045117,0.10220352521485568,276.08051579840014,793.9444751431598
244,6.0,940.0,1036.0,272.3579926416625,0.08039883836091884,280.5069643417037,634.5734821120344
245,5.0,602.0,931.0,375.08960850425285,0.07770540183026219,388.3270695654595,849.058029687809
246,13.0,792.0,811.0,301.68103403480245,0.1654003581617523,305.75358670914494,1422.9724879541586
247,8.0,642.0,963.0,174.2656788421546,0.10247449141136641,178.32883924128632,514.1926349549817
248,8.0,1004.0,1055.0,244.42211595921816,0.09595031867800276,249.9206193594098,674.7408554593052
249,7.0,485.0,830.0,249.7574465022462,0.10380978779794996,256.1849866714564,748.3081508197142
250,8.0,1020.0,1029.0,255.0691764665866,0.0977083511167979,260.78550996775124,716.9743829133847
251,9.0,871.0,1008.0,245.09536577279607,0.10775951769675887,249.9840548553919,757.9777277724418
252,12.0,1070.0,1091.0,219.0767788599331,0.12602780527413487,222.37426335253676,788.5684424250456
253,6.0,890.0,972.0,222.8901733139934,0.08417666227691806,229.6804512321562,544.0066787228044
254,6.0,981.0,1087.0,172.61129985229482,0.07762277498289732,178.02060740101896,388.81941318960014
255,11.0,860.0,1056.0,221.1008157431078,0.12077964003258575,224.73245656854644,763.7443799671357
256,4.0,871.0,957.0,178.97306851331845,0.06729709914844947,187.465761466181,354.9823842281747
257,9.0,864.0,966.0,295.7431463223487,0.11109711751242547,301.5508235963889,942.6528989140525
258,8.0,885.0,979.0,284.50996676497965,0.10127686481164974,290.8286346211509,828.7736037267728
259,11.0,878.0,1070.0,251.00982562879264,0.11962150628843503,255.08402525189265,858.580510343705
260,9.0,920.0,1050.0,280.77434781487625,0.10461660656979965,286.3104209056884,842.8034052653893
261,8.0,680.0,1046.0,206.2447458434953,0.0965516642612364,210.96217165129093,573.12961358532
262,9.0,930.0,933.0,288.42092001952625,0.11386817563970589,294.0957377795983,942.2791695453725
263,10.0,942.0,973.0,266.39485567063826,0.11933045426020326,271.13390233725033,910.3819031337231
264,10.0,835.0,1004.0,262.50527599237716,0.11667682934523618,267.1809200113054,877.159471507271
265,7.0,838.0,868.0,168.1143205884571,0.10067412447180392,172.62729216498923,489.0078344671119
266,11.0,930.0,1072.0,313.4465341590669,0.11945786921315153,318.4445996928976,1070.3779395199917
267,2.0,394.0,618.0,379.0328382884944,0.06612027072191883,414.2015172856039,770.6102937290177
268,7.0,998.0,1025.0,321.76195529685816,0.08950419181971477,329.8780340849221,830.7785418081976
269,16.0,947.0,998.0,243.97761672685732,0.16905310155459588,246.6945284925438,1173.4677478045244
270,2.0,657.0,698.0,185.41138980554757,0.06125863926077814,203.6985824826661,351.1105263182754
271,15.0,945.0,1001.0,275.40899331028464,0.16006183546032413,278.64871207878986,1254.969959845368
272,13.0,1003.0,1085.0,232.44482147611163,0.13467585302166885,235.65247781435204,892.99749997756
273,13.0,944.0,1008.0,219.6492346475248,0.14209343989689752,222.69704896441056,890.3832627589445
274,9.0,787.0,818.0,172.88835602856446,0.12470796758877642,176.46687142586848,619.2212974883885
275,5.0,477.0,1079.0,240.78658811829504,0.06987685781760399,249.5730438985886,490.70393538914686
276,9.0,1005.0,1065.0,268.7449549142166,0.10353811025773305,274.06275842034006,798.4335104891683
277,10.0,828.0,837.0,184.30745339759454,0.13255660622838691,187.70842266867564,700.1218542079197
278,13.0,1038.0,1085.0,209.58909968494447,0.13467585302166885,212.51124314913227,805.3045340724217
279,8.0,865.0,977.0,321.3457816382264,0.10142503500274361,328.4180799699367,937.2613783479824
280,8.0,916.0,942.0,279.33890048909603,0.10409003866978465,285.55177258236785,836.3393438578672
281,9.0,852.0,879.0,227.51995312356652,0.11871349905613957,232.08974182179898,775.2549516023446
282,8.0,867.0,925.0,214.8811956438925,0.10543565428775054,219.77531611128612,652.0109782920201
283,12.0,1050.0,1054.0,238.74530722345798,0.12925697294611155,242.30924253672936,881.2770458962286
284,5.0,649.0,1056.0,258.81877511711326,0.07098828910149123,268.20284485521285,535.7208964702897
285,7.0,932.0,965.0,242.42715467110705,0.09346737681941239,248.68279614881092,654.024915868442
286,4.0,978.0,1087.0,126.0876916186843,0.06137399834928738,132.37120392445198,228.59484557983993
287,18.0,888.0,971.0,260.0706622315054,0.19004040090891558,262.6276697637336,1404.348567777369
288,7.0,998.0,1006.0,199.9174993144412,0.09072234217327525,205.17626995800552,523.757049641795
289,12.0,1044.0,1052.0,330.2940970210083,0.1294362432662005,335.0982496866838,1220.4403461691727
290,8.0,814.0,919.0,264.6478345371632,0.10591892194410071,270.560139504185,806.3542205701074
291,6.0,726.0,845.0,302.76452547168464,0.09283264562359865,311.74864955252866,814.31757084269
292,11.0,777.0,818.0,299.08183266685506,0.14457495357965175,303.8673460284321,1236.1341133607802
293,9.0,932.0,939.0,186.56213207240685,0.11335411135471801,190.3887538739876,607.2493595114913
294,8.0,981.0,985.0,237.92378539916672,0.10083494041724368,243.28933830085484,690.2757566152706
295,6.0,573.0,660.0,285.77981311782594,0.10918833977950829,294.29743143035785,904.1723701936969
296,9.0,842.0,891.0,273.70775781892786,0.11760145856083182,279.1156098368797,923.6029920100322
297,11.0,955.0,1038.0,237.29361591975623,0.12230203593023578,241.1648589989752,829.9199597752337
298,3.0,401.0,718.0,215.55192994035633,0.07098291175546918,229.10153459024525,457.5834475283662
299,8.0,807.0,858.0,271.1442152110032,0.11109590656117893,277.18943078346035,866.4893342989517
300,6.0,1007.0,1059.0,261.0099608870123,0.07912269650881981,268.84724510231774,598.5427403651405
301,9.0,976.0,976.0,208.89030937448058,0.11028383544755246,213.12206899364065,661.3460784543635
302,7.0,1001.0,1063.0,249.53149135564823,0.08716346293961844,255.95373277346704,627.7467040553896
303,8.0,758.0,841.0,223.8331231376925,0.11263008838801998,228.91039267881658,725.4515830736511
304,10.0,981.0,1066.0,203.5967537074281,0.11170856482832611,207.3121509663062,651.6279850409644
305,11.0,965.0,1027.0,241.06714191272596,0.12325142891234044,244.9942212477346,849.6426426635854
306,8.0,784.0,890.0,331.7135370624487,0.10831858326453292,338.997951142854,1033.209859796443
307,8.0,771.0,910.0,315.9561279815976,0.1066521874560119,322.9181584323824,969.0601435986658
308,3.0,310.0,911.0,314.66382805434597,0.060453056976427576,333.81165209192517,567.8168246155235
309,7.0,1024.0,1042.0,285.63754633466175,0.08844166748739973,292.9064912329588,728.9108520182168
310,5.0,624.0,1056.0,193.5092966464283,0.07098828910149123,200.7289114621344,400.94530859302324
311,12.0,1042.0,1068.0,269.41687275305776,0.12801585149005515,273.3963177402345,984.7928973030004
312,8.0,953.0,995.0,219.73755865121186,0.10010690832227699,224.73103631146762,633.0173315769172
313,5.0,916.0,931.0,183.1090578815546,0.07770540183026219,189.9839930502045,415.3906525031414
314,7.0,931.0,1072.0,240.92188634353482,0.08662690153312197,247.142228591435,602.404540887266
315,8.0,866.0,869.0,207.48601759225767,0.11012527772500301,212.2288387991102,657.6274184958082
316,9.0,937.0,1067.0,255.87474607565355,0.10339598853541074,260.95902365397274,759.2145210786548
317,5.0,545.0,920.0,280.2458246056894,0.07835787286635194,290.3400191805496,640.1445267117477
318,11.0,964.0,1062.0,191.59764545435263,0.12028056239157078,194.79273262522045,659.2599566769192
319,6.0,948.0,1058.0,231.29543097999291,0.07917733796166701,238.31656951584804,530.9377833707363
320,11.0,960.0,1011.0,316.61222530027595,0.12465897682109806,321.65713305558353,1128.2497401028274
321,6.0,906.0,1077.0,275.34450911401603,0.0781518885581795,283.5755091188342,623.5864865506634
322,5.0,1002.0,1017.0,220.97597816594862,0.07295593361870334,229.1058803612029,470.31123462465814
323,7.0,974.0,1091.0,260.86518167909406,0.08551557605071054,267.5532033115916,643.7894833950875
324,12.0,1001.0,1009.0,271.2417077284573,0.13341452926211156,275.24587387259055,1033.2667231681019
325,11.0,890.0,910.0,278.41934961937966,0.13434376506844342,282.8991235502922,1069.3936844175912
326,3.0,557.0,629.0,264.8908106938315,0.07718238836466328,281.22726418888504,610.7509243018376
327,13.0,1059.0,1079.0,284.1089012891593,0.13522591174553614,287.9619434982763,1095.6794385386868
328,8.0,879.0,985.0,225.03082615880555,0.10083494041724368,230.13259971865332,652.9466334286728
329,11.0,881.0,1023.0,211.13120570927487,0.12360032753758159,214.61532782223892,746.395229693227
330,10.0,1038.0,1044.0,201.08225238201686,0.1134223233281124,204.75666165380562,653.4691307317862
331,8.0,1042.0,1083.0,324.03605160244643,0.09412645824907225,331.163390644928,877.0867202255802
332,8.0,915.0,1007.0,233.4376059172966,0.09924702755761504,238.71137527658425,666.6211997037259
333,15.0,967.0,967.0,236.58799290645214,0.1640721265115738,239.40812004745152,1105.2542174359123
334,4.0,531.0,718.0,210.07634050167218,0.0818129016578759,219.86831031654705,506.14264744601587
335,5.0,521.0,960.0,425.72910513603154,0.07603621705746694,440.64483572746235,942.7524807322512
336,11.0,1088.0,1090.0,277.7683727167064,0.11800503688119619,282.2385142473337,937.1418220348866
337,9.0,935.0,1093.0,278.09102190519735,0.1015832888905884,283.57840688375586,810.5576805862254
338,7.0,818.0,921.0,347.4025258990881,0.09660426245337728,356.11988777894857,968.0126092774572
339,12.0,986.0,1015.0,288.05502516663165,0.1328448013982931,292.2869624051116,1092.5529782006663
340,14.0,968.0,1051.0,219.37764644221747,0.1461807695255546,222.2020891969024,913.959348016055
341,6.0,999.0,1037.0,248.83768929280245,0.08034249855197315,256.34064727438334,579.4971543454055
342,10.0,1028.0,1085.0,219.13031060103927,0.11026964047991626,223.09891481708723,692.2164470188359
343,16.0,1072.0,1087.0,239.10891713863117,0.15886665815094103,241.77652843328156,1080.7752604986892
344,6.0,922.0,952.0,205.23191419940167,0.08543112595048698,211.53718656882842,508.5004617901583
345,9.0,1037.0,1093.0,300.47367951778716,0.1015832888905884,306.3671908421781,875.695305385321
346,5.0,453.0,1082.0,303.4278424287355,0.06973444905909822,314.29032414602983,616.6899663166546
347,4.0,824.0,897.0,83.77014985481611,0.07043440949843016,88.28593165005672,174.97051888075848
348,7.0,1025.0,1044.0,216.4612587578236,0.08831832082953468,222.10798811659643,551.9547549573376
349,6.0,735.0,866.0,263.96465740635773,0.09128054979444945,271.8830959527563,698.3111094578787
350,8.0,990.0,1022.0,94.90489373379705,0.09819272920192355,97.34439774237072,268.954485171583
351,8.0,553.0,1066.0,216.43715626735843,0.09522543635604512,221.36311040935968,593.1256659608488
352,4.0,577.0,782.0,228.85300412226977,0.07734543357966249,239.42933143487562,521.0753496753464
353,7.0,793.0,795.0,237.16057898540612,0.10687581099436176,243.292716857804,731.639305667263
354,8.0,697.0,823.0,229.56229823095686,0.11430138625179688,234.75678198234996,755.0194552943298
355,8.0,1073.0,1073.0,236.29472651777954,0.09476982293242692,241.62695021462488,644.3234519055432
356,12.0,970.0,1023.0,321.7482724063766,0.13209269054672587,326.43665423552756,1213.294423943934
357,13.0,1009.0,1032.0,260.4392763367503,0.1396952961814881,263.9966384221041,1037.6924982288076
358,11.0,1087.0,1091.0,203.73243136580388,0.11792535942944969,207.10707500756044,687.2118524054302
359,11.0,786.0,900.0,230.36817781534847,0.1353851619349101,234.13694630338307,891.9274213458249
360,4.0,967.0,1047.0,255.74351594171276,0.0630823500415335,267.44314050188,474.7093926745732
361,7.0,818.0,1039.0,267.4095725046701,0.0886273348344228,274.251063091138,683.9187443868102
362,5.0,828.0,1041.0,254.5315607373118,0.07173238332466564,263.7735457047929,532.3962592192036
363,10.0,1074.0,1078.0,251.1972651523556,0.11079543711625994,255.68858132956314,797.1163297623901
364,14.0,976.0,986.0,210.3045008729936,0.15308593911182308,213.02379185240622,917.5968438621084
365,10.0,880.0,1088.0,285.20102628133003,0.11004582366643906,290.246625611248,898.7300068160661
366,9.0,913.0,1025.0,266.99804503300425,0.10646491173959227,272.2841514038351,815.6753901352057
367,14.0,920.0,1058.0,288.20636025799234,0.14547411126132714,291.8284824274095,1194.5432727159289
368,8.0,1025.0,1036.0,262.25186216949965,0.09722872838244993,268.11514751252145,733.5073229611169
369,6.0,860.0,999.0,319.2494204330142,0.08254043923774755,328.68632218999784,763.3731930555805
370,7.0,863.0,992.0,301.29063902968255,0.09164135902707345,308.9266561011324,796.5910122671879
371,8.0,923.0,1045.0,257.3959304292605,0.09661894604398219,263.15986740278987,715.435443964843
372,16.0,981.0,1024.0,259.2240585427788,0.16594470402779343,262.0953558378102,1223.8021727292046
373,9.0,1043.0,1086.0,251.24935415348486,0.10206504126904654,256.24970543708486,735.9170887321425
374,9.0,1079.0,1084.0,364.38356376283787,0.10220352521485568,371.43670001650514,1068.1670707209698
375,6.0,1037.0,1053.0,297.67808906580393,0.0794516811958619,306.52250798861763,685.2577549547399
376,15.0,1006.0,1013.0,273.7229288036268,0.1586928439388877,276.9444239678181,1236.626264303385
377,10.0,973.0,1090.0,296.16993397255,0.10989711653771642,301.3943335450005,931.9870504174885
378,10.0,612.0,706.0,265.2033520885662,0.14840001170054912,269.92297648128823,1127.0995773810416
379,14.0,1003.0,1071.0,291.58582770817134,0.14417971079453093,295.2471156772717,1197.783458404244
380,11.0,864.0,1070.0,307.0164129664621,0.11962150628843503,311.9193330336025,1049.88095541303
381,20.0,1030.0,1080.0,315.1091445721729,0.19227544832163015,317.8533389430475,1719.6462145099324
382,9.0,910.0,1022.0,296.11921449414353,0.1066911064864728,301.93371540794266,906.4175961663371
383,5.0,770.0,970.0,292.3716407972371,0.0754771413157321,302.86770326567745,643.2160972422815
384,7.0,771.0,799.0,234.1206111659112,0.1065162727932446,240.18146040445518,719.8532005016824
385,8.0,761.0,981.0,251.63503302768206,0.10112912690790032,257.2811067786053,732.1037823209282
386,12.0,963.0,1079.0,236.60362524698294,0.12705728000454505,240.13854705656487,858.5190374319708
387,8.0,806.0,838.0,325.1336496869356,0.1129052356475822,332.28344468347194,1055.6289281443694
388,7.0,771.0,853.0,278.3602278351007,0.10188898386751401,285.4585162907122,818.3870200663443
389,9.0,797.0,833.0,261.69076472833666,0.12317847691672579,266.8805721522886,924.996921325399
390,7.0,1004.0,1023.0,252.6055351569371,0.0896308755010098,259.0998643059469,653.4514433283376
391,8.0,934.0,992.0,164.44884611064722,0.1003242117065658,168.31116218625328,475.1242228209491
392,7.0,770.0,1085.0,298.8130538487997,0.08586342793816554,306.39097041613593,740.2402272604949
393,13.0,1062.0,1085.0,275.46510479521334,0.13467585302166885,279.2101690020489,1058.057972484244
394,7.0,790.0,1075.0,317.3702681464718,0.08644951271076103,325.3833598649829,791.4917390251115
395,9.0,690.0,846.0,285.59430061781484,0.12188294633680775,291.2178302498842,998.7330076375271
396,10.0,715.0,760.0,341.97386742420287,0.14143187100046803,347.94490053944963,1384.6699268608647
397,8.0,897.0,1068.0,289.76270920946115,0.09509481468541842,296.1888438557643,792.5269336063027
398,9.0,832.0,992.0,286.2609193240339,0.10900706438605869,291.89654454474635,895.3072376836323
399,9.0,857.0,994.0,203.6168537969612,0.10884954362746793,207.7529282083735,636.3004988345975
400,9.0,979.0,1085.0,140.75622662092695,0.10213423629933403,143.7517145455327,413.116819042423
401,12.0,931.0,1066.0,230.0530234677981,0.12819169330060717,233.49920385312748,842.235971123958
402,4.0,828.0,1089.0,200.73716629742913,0.061291006359955685,210.1390108239286,362.40312446779814
403,11.0,850.0,947.0,252.64040594329725,0.13062604488442808,256.7387330004459,943.6472280421362
404,6.0,393.0,869.0,335.1443082755062,0.09106304844836516,345.0177824460057,884.0405003204756
405,11.0,965.0,1072.0,249.0561720607369,0.11945786921315153,253.10146378693796,850.7420868779731
406,8.0,1005.0,1064.0,345.4109287650717,0.095356417362548,352.97558021386453,947.0721899066673
407,8.0,1057.0,1076.0,225.0647109223578,0.09457589194880561,230.16717773659826,612.5088044414829
408,14.0,830.0,1029.0,205.43999957148927,0.1484470833054721,208.1029141879564,869.2372484224356
409,6.0,947.0,1010.0,240.8053916531383,0.08189192309181252,248.08773281745218,571.6561204188222
410,8.0,1056.0,1077.0,213.06758424990755,0.09451142454431487,217.9245997198416,579.5341914377909
411,8.0,823.0,924.0,273.3809893068452,0.1055158924187988,279.4719674375985,829.7449658254083
412,13.0,818.0,900.0,223.4457099000056,0.15398931880259212,226.5409496524348,981.5802510308906
413,11.0,1052.0,1057.0,265.989299147325,0.1206961730116662,270.28514762524503,917.9186184057788
414,6.0,992.0,1049.0,297.41644164828637,0.07967252841993584,306.2536741067671,686.5598540210926
415,9.0,1016.0,1078.0,238.2408002153667,0.10262124104214349,243.00511534245237,701.6833568297872
416,14.0,824.0,839.0,285.7174998864997,0.17139595171578764,289.31077780510316,1395.2552657487324
417,6.0,883.0,918.0,200.44380812738726,0.08765175452256334,206.61756934399912,509.5846757616944
418,9.0,907.0,957.0,278.123582978664,0.11183939562430394,283.61155876775143,892.4979675154408
419,11.0,868.0,1043.0,174.2179976752058,0.12187531188692378,177.15592099965025,607.5190626011994
420,9.0,1065.0,1065.0,231.9382893933099,0.10353811025773305,236.58824742598637,689.2581320483077
421,10.0,1000.0,1087.0,198.66578013778704,0.11012032825011453,202.3007993594902,626.8355135200055
422,7.0,967.0,1079.0,248.8810613019254,0.0862141212995867,255.28804983790445,619.2947372287961
423,10.0,970.0,1021.0,244.10116701770912,0.11527111855898524,248.47681223631014,805.9254523475589
424,7.0,786.0,976.0,306.27546662843713,0.09271473015123702,314.0283801838674,819.2305421850621
425,10.0,932.0,981.0,261.72896238255976,0.11863415975311739,266.39195199089176,889.2407499173901
426,9.0,958.0,961.0,283.59819532557725,0.11150827331965293,289.1855062492937,907.3442910873778
427,10.0,989.0,1067.0,335.0939634515112,0.11163189637459628,340.95284971188903,1070.9547579048244
428,8.0,1006.0,1023.0,331.0863402983587,0.09812323851015238,338.3579224488283,934.193240564102
429,11.0,940.0,946.0,219.27662953440932,0.1307238163618638,222.88127817059404,819.8167839842686
430,9.0,878.0,987.0,324.01791726264173,0.10940286813051146,330.3386314423071,1016.8960734212742
431,5.0,852.0,977.0,173.68974060371792,0.0750906550372092,180.25250534741565,380.85152594587095
432,8.0,1041.0,1057.0,291.3289351541021,0.09581770216656689,297.78711349504107,802.8606066090717
433,10.0,1076.0,1087.0,232.65548314553794,0.11012032825011453,236.84455636354375,733.8704522305945
434,6.0,797.0,986.0,312.5165348933253,0.0833202350104912,321.76850976569574,754.3667238309961
435,9.0,891.0,1048.0,240.59886696387937,0.10476210603174584,245.4059684771207,723.3988913314944
436,12.0,1018.0,1026.0,291.2351984076154,0.1318128399252492,295.5102176578384,1096.0205984750514
437,7.0,1071.0,1082.0,255.50420493622,0.08603841726303754,262.0665092155037,634.4427427193402
438,19.0,1035.0,1092.0,225.8865252978785,0.18262161937185006,228.0167794014563,1171.6758922003517
439,11.0,1010.0,1059.0,314.8742296349143,0.1205295845807782,319.89342054854296,1084.894393676722
440,9.0,858.0,865.0,198.4766414516505,0.12003775690398205,202.5194483122323,684.0267792744369
441,11.0,977.0,1016.0,290.9050274917926,0.12421567689904499,295.5695499853731,1033.0577453086169
442,7.0,772.0,990.0,273.20681471455003,0.0917741692923674,280.1842532786946,723.5235695374827
443,9.0,890.0,1067.0,258.51749016393956,0.10339598853541074,263.6497195100123,767.0426288677924
444,13.0,849.0,1074.0,295.1151715720053,0.13568773806387308,299.10570372301817,1141.9676335461706
445,9.0,1063.0,1073.0,233.02056495218702,0.102971954770657,237.69016053754012,688.681883692014
446,9.0,929.0,999.0,265.42672682426695,0.10845772628480994,270.68432211597127,826.0609557640394
447,14.0,996.0,1028.0,290.2107846964594,0.14855176842205792,293.85613682361236,1228.2904875849706
448,11.0,873.0,908.0,274.86010933352975,0.13455076078149905,279.28721775971593,1057.3669091359766
449,6.0,547.0,695.0,225.95729137554963,0.10566624653000106,232.83181141910146,692.2565842317074
450,14.0,934.0,1074.0,249.38173765962523,0.14388426748419345,252.5539080499875,1022.482540296619
451,5.0,871.0,1084.0,250.0469956408956,0.06963983192531205,259.1403553364403,507.7866299345043
452,7.0,885.0,1035.0,349.22091167116747,0.08887610733468199,357.98091552791976,895.2274630161427
453,10.0,1037.0,1070.0,223.08998930688318,0.11140252115028165,227.12313882980092,711.9424657776276
454,3.0,541.0,697.0,265.2736619305528,0.07235420351910898,281.63174032894085,573.3685444765214
455,10.0,940.0,997.0,286.5338042053922,0.11726566685319681,291.60112867173876,962.1628307345677
456,5.0,1038.0,1047.0,271.0523651057518,0.07143288156071724,280.8418745241167,564.4799624899479
457,5.0,759.0,867.0,217.5295917578967,0.08166165490912711,225.5452754935942,518.251310111322
458,10.0,994.0,1012.0,319.3442355769497,0.11601107198679761,324.9463911542854,1060.7173079344243
459,7.0,974.0,1069.0,198.29125050476637,0.08680501983315927,203.5118848709646,497.07636607357784
460,10.0,926.0,989.0,215.07749497535096,0.11794594387926191,218.98003569289827,726.7349219024686
461,9.0,901.0,915.0,276.69979413819794,0.11543872991724198,282.1619357225621,916.5126496187825
462,10.0,998.0,1064.0,239.33306691770196,0.11186221810434407,243.63098904132397,766.8394594489517
463,6.0,696.0,727.0,254.193561583702,0.10263919537555796,261.84362510737236,756.2123073094652
464,3.0,310.0,953.0,205.39165889998685,0.058562540522768415,218.36737254985712,359.82899412670537
465,6.0,552.0,842.0,234.64614887460593,0.0930586928551828,241.75931894995713,633.0363796092238
466,4.0,691.0,851.0,285.99164916030907,0.07304512130917633,298.9548288739246,614.448212122419
467,12.0,1068.0,1081.0,295.24136488322216,0.12688453449855325,299.57065592874307,1069.5385888871137
468,12.0,940.0,1019.0,282.66115321335013,0.13246767841740456,286.8200193210385,1069.0742847561403
469,9.0,826.0,1002.0,170.84922251286488,0.10822398694023207,174.39073846811294,531.0500369002633
470,2.0,497.0,667.0,167.30550815171625,0.06305519199669092,184.01408339855845,326.4828798284917
471,10.0,872.0,978.0,274.78237102315535,0.11889431586615903,279.65813957871865,935.5716514602375
472,7.0,788.0,894.0,220.11788565893013,0.09863560627250949,225.85036458867594,626.8202405865155
473,9.0,890.0,943.0,270.6924348497167,0.11301397272945528,276.0455747722513,877.8118284859318
474,12.0,805.0,1035.0,255.00453306420073,0.13098035780120917,258.7887331572572,953.7620424565843
475,10.0,933.0,949.0,276.7120930206863,0.12146925754376742,281.61931728459285,962.5367404947257
476,14.0,1076.0,1078.0,294.2247647814439,0.14349222141272552,297.91663629138685,1202.8503869653757
477,10.0,932.0,1072.0,300.0125262052459,0.11125012729314196,305.2995624998296,955.6859383195617
478,10.0,873.0,973.0,289.9815555317609,0.11933045426020326,295.1050805597951,990.8695391780474
479,9.0,995.0,1086.0,249.39880306687988,0.10206504126904654,254.36557667781975,730.5061067021344
480,8.0,870.0,983.0,275.11095319933304,0.10098181940245227,281.2373249684637,799.1064701514774
481,9.0,909.0,914.0,248.1135647080425,0.11552725422385512,253.05701806956282,822.6049812984073
482,5.0,406.0,893.0,273.26223080315515,0.08000682536131039,283.12497851400957,637.3730877019002
483,8.0,924.0,962.0,286.84581788883537,0.10255028423213522,293.21227533780694,846.0723726099932
484,7.0,822.0,986.0,260.3134326490616,0.09204094802315677,266.98851551479686,691.4521977401948
485,10.0,1052.0,1055.0,264.0724554386963,0.11255892127670843,268.7736454894613,851.246034243249
486,8.0,950.0,1052.0,286.7882185814,0.09614993318176526,293.1534975959158,793.1084268321338
487,11.0,975.0,1021.0,243.16096035845675,0.12377551864357854,247.1190215874634,860.6556577382303
488,7.0,942.0,1016.0,307.01213214945443,0.09007710653539103,314.78232084782,797.8353186422976
489,11.0,975.0,995.0,307.582436432252,0.12609904488759846,312.4937318573674,1108.770353168024
490,8.0,1062.0,1093.0,332.2155023111626,0.09349176989498027,339.5101861876995,893.1300211355439
491,2.0,282.0,781.0,230.23067342746285,0.056916779102533455,252.42557431182473,404.2612979494243
492,8.0,1075.0,1085.0,303.03491395154543,0.09399883211874742,309.7325869907318,819.2149234484866
493,14.0,1089.0,1089.0,201.67994636036,0.14242502881065,204.29928443909256,818.7317999791112
494,8.0,878.0,912.0,139.99237499015726,0.10648836352360287,143.35433178162742,429.537881791252
495,11.0,1034.0,1059.0,229.03127087469048,0.1205295845807782,232.78025736624627,789.4566751082725
496,11.0,1040.0,1072.0,294.67139341111977,0.11945786921315153,299.3916462140345,1006.3358389281045
497,10.0,827.0,938.0,289.3379873969872,0.12247537753557997,294.45102185095305,1014.7296491990187
498,8.0,882.0,925.0,271.6136345501053,0.10543565428775054,277.66845405615186,823.7634852419504
499,13.0,925.0,1072.0,180.38076100728662,0.13587335305316348,182.9380349303435,699.4018876534763
500,11.0,793.0,905.0,243.8937477883783,0.13486245313622555,247.8626519548532,940.5689650001368
501,11.0,760.0,959.0,183.15353445557884,0.12946409328044645,186.2236754772689,678.3795156819589
502,14.0,983.0,1059.0,233.77732039535425,0.14537371742395194,236.76864587753016,968.4976782649894
503,14.0,850.0,1067.0,280.2992687361737,0.14457552773132637,283.8297529279549,1154.6256546042614
504,5.0,709.0,819.0,307.7422283943336,0.08490371307043366,318.7476953897072,761.4865456749476
505,5.0,995.0,1031.0,290.6157134984188,0.07223717328386871,301.0535818796564,611.9177336424212
506,4.0,424.0,1029.0,273.2107618555346,0.06388252965768214,285.64004561256723,513.4399961075244
507,6.0,511.0,934.0,270.79777631016196,0.08659254623785523,278.90389477234453,679.5533952473392
508,11.0,1063.0,1078.0,264.54875957476236,0.11896963319037751,268.8232926208558,899.8943314780655
509,18.0,879.0,1002.0,245.0659920026816,0.18580828354097229,247.4880958949435,1293.9213628883394
510,3.0,317.0,445.0,288.31663885025256,0.09418954591450408,305.9762727893649,810.9217532210383
511,10.0,950.0,955.0,318.73559224776966,0.12092740105780687,324.3278265478062,1103.5637553017432
512,3.0,317.0,725.0,288.5320463855979,0.0705372928235398,306.2038473668471,607.7401494916152
513,7.0,942.0,1046.0,241.05358367038144,0.08819531774747442,247.27701428074815,613.6458124682777
514,8.0,854.0,918.0,342.4351113983961,0.10599989759133252,349.9388800714208,1043.7251312757064
515,5.0,759.0,814.0,196.87512295670592,0.08525629320414244,204.2062863484502,489.87361791957983
516,12.0,963.0,1017.0,210.80521017883424,0.13265597188099854,213.99063919771086,798.7485434094627
517,10.0,864.0,973.0,274.2048251178914,0.11933045426020326,279.0711793041445,937.0327691764084
518,8.0,814.0,1043.0,265.65796049734837,0.09675379131291868,271.59093181070585,739.3869047001366
519,8.0,1017.0,1017.0,313.315226766424,0.09854166430254524,320.22322655043814,887.8942009792097
520,10.0,988.0,1058.0,169.4029127839842,0.11232572461149816,172.5609284673819,545.3937982177652
521,11.0,1010.0,1060.0,342.1323979639761,0.12044646269412156,347.5549236000937,1177.8934120055537
522,13.0,1058.0,1081.0,231.4847481407581,0.1350420602688898,234.68041127660555,891.7320853488634
523,7.0,843.0,951.0,161.40387734763564,0.09444314850604751,165.7594859652165,440.4913106349212
524,12.0,930.0,948.0,273.698997434485,0.13949679968113934,277.7364526405495,1090.1484104192652
525,6.0,1005.0,1069.0,303.3657642350269,0.07858040152704031,312.36640206926216,690.6643766135844
526,3.0,469.0,1021.0,82.88488137272627,0.05574031796683932,88.94094329432676,139.49533058476277
527,12.0,985.0,1057.0,170.16089041564976,0.12898899662669827,172.79570821663447,627.1538800870742
528,8.0,687.0,816.0,273.70336237540914,0.11496480827963104,279.8009359939995,905.1125356212344
529,10.0,1010.0,1081.0,249.8941129215174,0.11056948295788094,254.36418688012944,791.3702889118316
530,11.0,729.0,1073.0,321.18676743455734,0.11937621844711657,326.29936395236615,1096.03025347233
531,10.0,988.0,996.0,261.95564423525616,0.11735027202425412,266.62232890342284,880.3778669912281
532,4.0,947.0,981.0,298.74869086255535,0.06611906121746802,312.24477043049046,580.9120022353353
533,8.0,1069.0,1079.0,288.85468460572855,0.09438275304058011,295.2622418154725,784.1317722508978
534,10.0,909.0,1028.0,298.9836756305153,0.11470209294045755,304.25394099972794,981.9650987137749
535,8.0,815.0,999.0,198.21850825305015,0.09981863060245601,202.77172384117532,569.5180570216195
536,3.0,775.0,931.0,324.73570519485116,0.05953781869439785,344.452427406629,577.0463074636191
537,8.0,914.0,949.0,239.5287534969373,0.10354589257525772,244.92714272584962,713.605666062327
538,8.0,891.0,933.0,217.00775818333597,0.10479811582724756,221.94538637122872,654.4675131267413
539,8.0,888.0,1077.0,247.01399305444224,0.09451142454431487,252.5655241282318,671.655962653536
540,10.0,765.0,824.0,361.3811332639372,0.1339760355787247,367.6685172809074,1386.0281914122304
541,7.0,945.0,950.0,163.83935777635384,0.09451362666495144,168.25207952237895,447.4488191153094
542,9.0,713.0,785.0,324.21873590183816,0.12821030196416108,330.5430938731177,1192.4481613099097
543,18.0,1053.0,1087.0,302.8526275508824,0.17511543478454913,305.79427818145786,1506.7537434932651
544,3.0,687.0,814.0,377.7166345771412,0.06532330581640149,400.42592248173486,736.0017333996948
545,4.0,958.0,1023.0,260.32721790829555,0.0641537864735796,272.2183174332116,491.3920625871298
546,13.0,777.0,1041.0,246.68680426418067,0.1388167304557108,250.0723709513124,976.7783396137309
547,13.0,943.0,1076.0,225.94263192468128,0.13550262951564948,229.06906313936506,873.3788287323189
548,8.0,680.0,722.0,269.9552427797243,0.12468275693463345,275.97613295414504,968.2029889415298
549,5.0,946.0,1002.0,209.83836604784923,0.07374207733990576,217.59915092755872,451.5034379053206
550,8.0,948.0,1050.0,179.8499823658265,0.09628347157722202,184.02739302206749,498.5660617618935
551,8.0,839.0,1000.0,216.90810962330792,0.09974682040866395,221.84369908362157,622.6366149852047
552,15.0,1025.0,1068.0,260.9323996080688,0.1527066290935407,264.0156500360092,1134.4257064352598
553,7.0,764.0,970.0,244.38099109772617,0.09312375541736673,250.68245093203714,656.8601439388989
554,7.0,1061.0,1081.0,188.10787389097837,0.08609690564687629,193.08970342438812,467.77300581153827
555,7.0,968.0,999.0,298.14391418511406,0.09117953492010147,305.70613912171143,784.3141139563011
556,10.0,883.0,1008.0,230.49932855242955,0.1163429982467947,234.65325506530866,768.1664446068759
557,7.0,592.0,1047.0,319.563586127428,0.08813394459908289,327.62811215437705,812.4803476570866
558,8.0,954.0,964.0,203.29026045578223,0.102398810541707,207.94723992255413,599.1513880000483
559,9.0,955.0,1089.0,195.51796618336672,0.10185801758530112,199.5070888034079,571.7972316229134
560,16.0,1007.0,1018.0,261.8227491077174,0.16665183754185886,264.7203607535538,1241.326280598962
561,12.0,964.0,1056.0,228.48063951490533,0.129078198521104,231.90551871354145,842.2722196870899
562,16.0,856.0,924.0,242.16021145381978,0.17857334753419907,244.85872016661696,1230.3274468769273
563,13.0,810.0,890.0,273.7085232546734,0.15519232814319142,277.43164430658567,1211.4757955903399
564,3.0,724.0,728.0,242.90037822526995,0.07034802145380337,257.99472791914707,510.6827826412597
565,11.0,901.0,1086.0,276.54503611806734,0.11832482630328471,280.9970761342581,935.5482139910747
566,12.0,983.0,1084.0,291.5462797502403,0.1266262951820186,295.8255132394498,1054.0179927900774
567,5.0,792.0,848.0,301.34553072650834,0.08291490893911269,312.1390014836881,728.2309998074971
568,8.0,1074.0,1086.0,229.95044256843974,0.09393514875192677,235.1528674337363,621.5368805364106
569,6.0,773.0,917.0,220.05393285692625,0.08771881608036583,226.76630998371996,559.7057803089108
570,12.0,985.0,1051.0,218.23662691451935,0.129526065032127,221.522729814601,807.3539306185
571,13.0,916.0,945.0,287.20078266931506,0.148798800865668,291.09244855206373,1218.7618967549324
572,6.0,924.0,1014.0,222.95653078180166,0.08165861846498879,229.74863128846982,527.890028224204
573,15.0,796.0,1076.0,229.1469029296857,0.15187332454239147,231.88660403783453,990.9361173050735
574,8.0,915.0,965.0,253.99117288111614,0.1023232413753044,259.68545131555976,747.6707761547123
575,12.0,1065.0,1067.0,276.779080161223,0.1281037120529613,280.85826144638685,1012.3656829548055
576,12.0,772.0,897.0,245.98304021966592,0.14502449768181522,249.6450255680477,1018.7151949488614
577,13.0,971.0,1024.0,305.56687842941494,0.14048563230694217,309.6879729354862,1224.1784987413835
578,7.0,764.0,863.0,254.65453562218934,0.10107584582353821,261.1969147679778,742.8547839366229
579,6.0,1018.0,1019.0,216.71760371436577,0.08136885043035658,223.33834450622686,511.3402394061561
580,12.0,885.0,1027.0,361.5376996034622,0.13171981970524418,366.7651113658452,1359.3385757396486
581,9.0,944.0,962.0,225.80966269663907,0.11142579887691555,230.3484187081628,722.2033343502418
582,3.0,444.0,890.0,204.34516070649423,0.06144483838587464,217.26176413259242,375.627349093262
583,4.0,941.0,1011.0,285.19632441021554,0.06470327013141389,298.1262810260821,542.7689443335834
584,13.0,974.0,1084.0,307.7282595054543,0.13476721850440584,311.87635390803206,1182.6472076519706
585,11.0,1031.0,1043.0,229.47890481670194,0.12187531188692378,233.23451487553484,799.8288346439755
586,9.0,994.0,1086.0,320.5008320919968,0.10206504126904654,326.75772985749643,938.4073119900333
587,11.0,972.0,990.0,220.90037226545473,0.12655591413807168,224.52904716106795,799.5460387448717
588,10.0,928.0,1064.0,261.03367820733814,0.11186221810434407,265.6853342369166,836.2564995998672
589,7.0,528.0,605.0,258.1849513203452,0.12728355434304434,264.8101203267512,948.4083531859733
590,7.0,852.0,880.0,200.46234521630618,0.09972289857318131,205.73389274512428,577.2836192951096
591,6.0,978.0,1035.0,251.7755189735558,0.08045525724137924,259.3591680180076,587.1438680031563
592,11.0,1059.0,1078.0,282.94941284075986,0.11896963319037751,287.49621738686983,962.4025277925567
593,13.0,823.0,853.0,320.4380865428842,0.15981176323114796,324.74495165851687,1460.291808615602
594,11.0,936.0,942.0,203.18620507661865,0.13111637027404077,206.55276629603102,762.0376537952509
595,8.0,672.0,963.0,141.29067141384843,0.10247449141136641,144.67919028232282,417.1673768019314
596,6.0,869.0,986.0,184.4631870757437,0.0833202350104912,190.19802111204874,445.9077060397021
597,8.0,1003.0,1085.0,287.3910120427771,0.09399883211874742,293.76862371572633,776.9916718386733
598,5.0,139.0,584.0,319.0337235029323,0.10538797435583014,330.4134077289634,979.7995070767566
599,9.0,768.0,805.0,150.49449674177063,0.12606458439365825,153.6666825423553,545.0813330721492
600,8.0,863.0,883.0,291.0068653725031,0.10891419180255958,297.45845443060693,911.5894442983338
601,13.0,1054.0,1082.0,299.62583665497334,0.1349503218748559,303.6727158758138,1153.1032488359272
602,15.0,949.0,1021.0,230.90637299261897,0.15779311898194512,233.66509109928856,1037.457687105885
603,8.0,610.0,1008.0,299.26997327633086,0.09917603714672474,305.89061872589554,853.6137581859167
604,13.0,1089.0,1093.0,232.40505192059575,0.13394936487301728,235.61221145894513,888.0285975397388
605,5.0,917.0,1075.0,221.6464418164574,0.07006764340959525,229.79856419142544,453.0574949674782
606,14.0,698.0,797.0,320.79032636601335,0.17746033429440772,324.7900752201927,1621.7822488482495
607,7.0,934.0,1038.0,186.95579025150275,0.08868939730479254,191.9106028973596,478.91580629717066
608,15.0,943.0,1001.0,240.69493756653594,0.16006183546032413,243.55945407349896,1096.9359808566114
609,8.0,1018.0,1064.0,181.28565781119127,0.095356417362548,185.49244120622828,497.6965613255078
610,8.0,857.0,985.0,188.84471932447704,0.10083494041724368,193.2061549008894,548.1766101563277
611,10.0,755.0,887.0,253.9119826575875,0.1273665886651528,258.44755047424775,926.2248631194426
612,6.0,969.0,1023.0,239.31410667478428,0.08113851249186596,246.55548788463412,562.8986571243506
613,7.0,711.0,879.0,281.7931757416989,0.09980148029521205,288.97196839369815,811.4863083254979
614,14.0,967.0,988.0,306.3932745614059,0.1528637589498493,310.22617107706697,1334.3552382898038
615,9.0,993.0,1055.0,254.21290280607667,0.10425461997735488,259.26702675625654,760.5558204340807
616,6.0,717.0,849.0,224.0735369734822,0.09253295207172617,230.89631741283353,601.1763972958976
617,5.0,667.0,690.0,130.8745544004765,0.09504466808339718,136.018359098851,363.75903335613106
618,9.0,786.0,955.0,221.2272715962911,0.11200569532056835,225.68288154960445,711.2580949591074
619,16.0,948.0,1010.0,206.2631018947719,0.16760411044331408,208.59811633604414,983.7472814409012
620,8.0,688.0,1068.0,388.2766025309791,0.09509481468541842,396.71825040880884,1061.5183691903653
621,9.0,752.0,940.0,224.23419075639706,0.11326888489584834,228.7443603206308,729.0369121838172
622,6.0,936.0,1036.0,304.0499667905663,0.08039883836091884,313.06939707958105,708.2374511225951
623,12.0,933.0,1023.0,306.48796004355125,0.13209269054672587,310.96960943814645,1155.8067645035403
624,14.0,930.0,1007.0,262.4101290449192,0.15078477529576467,265.7332899018902,1127.4361474842437
625,9.0,981.0,1064.0,149.8817161951073,0.10360931773344599,153.04278328367297,446.1697957823207
626,10.0,1016.0,1032.0,342.5847389959988,0.11437945066655504,348.5657297103309,1121.814863165739
627,5.0,851.0,887.0,252.6780052463379,0.0803827283123159,261.85856058062774,592.2676562201059
628,8.0,898.0,1012.0,214.85563264060312,0.09889308818041538,219.74923010997452,611.4793548148168
629,7.0,919.0,984.0,319.9037415589302,0.09217491986033577,327.97624438611194,850.6357962805018
630,7.0,887.0,896.0,244.20813877526635,0.0984822112841188,250.50554514366638,694.1664706875144
631,16.0,1041.0,1044.0,248.6687832157772,0.1636303283252747,251.4331977516432,1157.6437144495299
632,8.0,990.0,1029.0,246.05796584411138,0.0977083511167979,251.58993738749206,691.6931087464195
633,10.0,857.0,1043.0,293.0030051445245,0.1135014716955883,298.17578174242965,952.2749424944584
634,5.0,596.0,1065.0,149.63684983258116,0.07054919662560506,155.40246538681248,308.48814175646794
635,11.0,977.0,1009.0,313.57407890333633,0.1248371840017608,318.5740316961865,1119.032842333346
636,5.0,949.0,1076.0,225.68184626816264,0.0700198494087002,233.96770805177198,460.96249391740514
637,16.0,831.0,864.0,265.1492166063859,0.18711729332049973,268.08051207509914,1411.4570541042783
638,11.0,970.0,1053.0,228.84903444078716,0.12103073519131359,232.59532440920876,792.1093673326177
639,6.0,677.0,980.0,202.29741914318376,0.08368513202037892,208.5220920392554,491.008348595656
640,10.0,758.0,994.0,321.8834826627045,0.11751984914271413,327.5270295989215,1083.0459165845962
641,11.0,832.0,864.0,331.0097180702462,0.1392717110750153,336.26766320505817,1317.7605888166333
642,10.0,1020.0,1067.0,348.1302576343893,0.11163189637459628,354.20164386534213,1112.5700696616614
643,2.0,298.0,314.0,451.0019110800049,0.09467081582886136,492.44543683253124,1311.7852237950697
644,8.0,908.0,993.0,162.7730203738211,0.10025167249796811,166.601050433187,469.9567150631521
645,9.0,852.0,1064.0,252.80474209713898,0.10360931773344599,257.83331541017094,751.6684891257277
646,12.0,851.0,855.0,269.84577678986125,0.14991675569379095,273.831032167652,1155.1046604438352
647,11.0,1047.0,1093.0,199.98169828310836,0.11776632688180404,203.30084293209416,673.6724799581652
648,10.0,1073.0,1080.0,309.7378070952483,0.11064469853952438,315.18337171651507,981.2561788122987
649,15.0,880.0,974.0,308.0582125988649,0.16323013528936606,311.65081611829316,1431.3871251018854
650,9.0,958.0,1083.0,206.9597247251452,0.1022729082068295,211.15645448759543,607.649946845976
651,4.0,919.0,1016.0,202.06493494600443,0.06447317876264966,211.52224434719122,383.7281204093008
652,5.0,446.0,730.0,260.4853334901324,0.09165031952527172,269.9246354940287,696.0893743957322
653,12.0,918.0,979.0,198.97630658473676,0.1363380761400741,202.00148868467807,774.9259937691614
654,8.0,701.0,1082.0,218.72188205397035,0.09419040136500804,223.69457980642153,592.8578928471013
655,14.0,1082.0,1087.0,294.32489445730863,0.14261788151733373,298.0179264041799,1195.9275402117214
656,5.0,418.0,1076.0,314.58783669641093,0.0700198494087002,325.82017750754864,641.9299605194117
657,12.0,997.0,1012.0,280.0346126029186,0.13312905579318196,284.1578967957717,1064.4397368643815
658,5.0,947.0,954.0,372.91790065580165,0.07637565579882574,386.0833880333616,829.7066395815948
659,10.0,913.0,1068.0,367.8326539000206,0.11155533308773824,374.22520184825066,1174.65915019796
660,15.0,1060.0,1083.0,237.56770366239576,0.15115160795337662,240.3984198769969,1022.428337357758
661,16.0,825.0,995.0,264.24103512632234,0.1694192724964657,267.16313434582327,1273.5847199506402
662,6.0,857.0,1042.0,262.4521480309583,0.0800619797822578,270.3290436690315,608.9863112017625
663,5.0,727.0,871.0,266.527897227464,0.08140262418621459,276.16745893533283,632.5566225095541
664,11.0,963.0,1007.0,289.18138495546634,0.12501590142669214,293.8204029883044,1033.5600260718686
665,11.0,925.0,1004.0,324.61230317685033,0.12528493907608682,329.7755867948089,1162.5345408462324
666,9.0,876.0,932.0,248.30263124671234,0.11395430667115497,253.24951516164583,812.0221261408782
667,8.0,861.0,921.0,254.3617958942441,0.1057573412378813,260.06365697070584,773.8890232199209
668,7.0,984.0,995.0,307.06845985797594,0.09144286280050262,314.8399694668337,810.0804906946352
669,9.0,959.0,1013.0,224.80867100760145,0.10737549458454324,229.32926433693103,692.8722255864145
670,9.0,878.0,960.0,278.2757379688889,0.11159086994364951,283.76647456284815,891.0011106608944
671,7.0,797.0,905.0,243.80369063765008,0.09779779704174492,250.0916125124938,688.2032137457112
672,2.0,766.0,916.0,295.53466777171377,0.05103349921376469,323.42329988162396,464.4245286217827
673,5.0,629.0,926.0,182.7060463392051,0.07800062743099252,189.56762509563055,416.05501656284184
674,6.0,774.0,1073.0,229.7834245007499,0.07836555925596547,236.76303394093378,522.068669756755
675,8.0,1070.0,1080.0,221.59875063040047,0.09431854858310221,226.6303067477549,601.4556280214676
676,7.0,761.0,1091.0,270.2233698623543,0.08551557605071054,277.1308452820446,666.8353116639428
677,8.0,618.0,816.0,381.59577699384306,0.11496480827963104,389.90074067603683,1261.268289829643
678,13.0,874.0,988.0,196.7145746110106,0.14415570268045103,199.47588996005476,809.1159010930373
679,11.0,900.0,1005.0,186.99663438966624,0.12519513129042395,190.1236411415367,669.7489793670862
680,8.0,1032.0,1055.0,234.90299549817837,0.09595031867800276,240.20674552303538,648.5151380335923
681,4.0,878.0,1039.0,198.05400940087304,0.06343549678509632,207.3437704245774,370.0938211379271
682,9.0,858.0,965.0,200.19514473841934,0.11117910593119301,204.2691333054918,639.0199559293641
683,8.0,1049.0,1070.0,292.2433080721066,0.09496455087398148,298.7201937308933,798.2052838486943
684,7.0,1031.0,1031.0,215.6743102383975,0.0891262803500847,221.30258529495586,554.984388436707
685,11.0,948.0,956.0,226.93730258372216,0.12975263888980834,230.65530496404412,842.1086808894729
686,9.0,757.0,769.0,254.872294784458,0.12998019339642472,259.93838319655686,950.6837915753986
687,7.0,928.0,932.0,243.7354494598162,0.09580046567760139,250.021771047871,673.9597256254822
688,8.0,973.0,1047.0,231.27096709606914,0.09648447611826476,236.50040880709432,642.0632848501241
689,6.0,863.0,979.0,214.99974312763393,0.08374625914743894,221.57330079056294,522.1212169627199
690,10.0,918.0,932.0,265.5664792837698,0.12303122716793258,270.29202288307107,935.7009747594117
691,9.0,853.0,880.0,267.09534475378064,0.11862002638262469,272.3832165977172,909.1318187796919
692,15.0,988.0,1024.0,313.87202691203674,0.1574583467875115,317.5274682714048,1406.8101253086327
693,9.0,998.0,1038.0,264.2433648585214,0.10549571661751377,269.4794884162045,799.92457317312
694,15.0,924.0,947.0,233.016659564815,0.16652639607953187,235.79818642365794,1104.8721870980528
695,2.0,24.0,733.0,231.01425264970857,0.05934947902980518,253.27747231809266,422.96260465869875
696,3.0,789.0,821.0,226.683504075909,0.06494572513970628,240.86186264260309,440.1564883584464
697,10.0,702.0,989.0,281.91244943751406,0.11794594387926191,286.9044428520744,952.1574750402485
698,8.0,763.0,911.0,240.22940821927327,0.10657021253069147,245.6421322675292,736.5923225193199
699,10.0,1022.0,1062.0,237.29130230864948,0.11201629465762934,241.55594235737672,761.3553886863926
700,9.0,826.0,927.0,227.10957676352808,0.1143869237598357,231.67191931061964,745.6555842144757
701,10.0,1006.0,1081.0,209.13529090866118,0.11056948295788094,212.94096988224902,662.4956088503716
702,14.0,1014.0,1078.0,301.6704198089186,0.14349222141272552,305.4485815517505,1233.2609185282029
703,7.0,1074.0,1093.0,222.90014483621758,0.08540025089937087,228.6978690144507,549.5532264568341
704,9.0,859.0,923.0,234.04714010258692,0.11473538967886648,238.73536257406636,770.7306780012975
705,11.0,964.0,983.0,301.5573834306912,0.1272011211920244,306.37952711783834,1096.5771154393747
706,6.0,949.0,984.0,304.00786487342833,0.08344151325890298,313.02613878211747,734.9389647880024
707,2.0,373.0,949.0,76.90993462023297,0.04977579766972578,85.73709151225962,120.0813253446552
708,14.0,1013.0,1026.0,202.1780645628397,0.14876158222549404,204.80317550313242,857.2667361552412
709,6.0,709.0,890.0,185.36998895570449,0.08956908531306845,191.12972940778536,481.69804264768027
710,8.0,1049.0,1049.0,334.4096023731961,0.09635037997079487,341.74917573239605,926.5084934283586
711,6.0,928.0,1074.0,284.7405463100085,0.07831203212163337,293.22961989652083,646.1373237029954
712,11.0,576.0,591.0,255.65866493212408,0.17802792798542388,259.8016526809583,1301.4231989539296
713,8.0,759.0,821.0,222.56612011071536,0.11449015281058995,227.61746781199375,733.2671345272684
714,7.0,1014.0,1055.0,293.14627313140716,0.08764601737864888,300.591301102653,741.3052781083094
715,9.0,760.0,1092.0,247.27057637899537,0.10165183203474068,252.19873398003983,721.3509527610067
716,5.0,912.0,983.0,151.07876058934252,0.07476251761287618,156.89216324750126,330.0453864536711
717,4.0,571.0,841.0,328.6450867754038,0.07363848514027413,343.3900283756572,711.5100238846397
718,8.0,986.0,1063.0,247.19364152543727,0.09542204308044137,252.7488480591859,678.6195914090939
719,11.0,934.0,1043.0,319.61760725844186,0.12187531188692378,324.70698516608826,1113.5144799848545
720,13.0,1050.0,1061.0,319.5840327540515,0.1369033817094588,323.8802290597436,1247.633740613997
721,13.0,998.0,1051.0,222.0100292927382,0.1378534172788453,225.08733457343433,873.0861365332793
722,7.0,776.0,912.0,263.5557888072247,0.09727201627474677,270.3069064057953,739.832759405149
723,2.0,500.0,581.0,279.42094046449836,0.06863969777199301,305.9046472976266,590.812853216635
724,7.0,634.0,979.0,242.80126133406557,0.09251156197954476,249.06567578388677,648.3333944392539
725,11.0,886.0,905.0,217.92451081896598,0.13486245313622555,221.50915237249268,840.5648553417475
726,11.0,1007.0,1051.0,291.54241693654313,0.12119871278541539,296.21637077898436,1010.1725464809734
727,11.0,842.0,897.0,293.0242083553328,0.1357007366588962,297.72008802651897,1136.7863272062268
728,4.0,602.0,1022.0,241.93049862753455,0.06419922006372038,253.05311206817692,457.11969378357537
729,7.0,916.0,940.0,288.07627219101386,0.09522423712443742,295.4024063245155,791.4983762134368
730,11.0,837.0,1020.0,317.36299584115426,0.1238633005655617,322.4190126271239,1123.7036447864293
731,10.0,871.0,1068.0,236.06011708869906,0.11155533308773824,240.30468802734472,754.2947381220209
732,5.0,685.0,814.0,184.33941101109912,0.08525629320414244,191.25512194384766,458.804869368284
733,9.0,715.0,768.0,302.87494543130947,0.1300924354917612,308.81202697724024,1130.4067645778173
734,11.0,906.0,1002.0,237.61362350166493,0.12546494174039782,241.48960168148514,852.5293157222659
735,9.0,922.0,1001.0,241.07921329211655,0.10830178803324385,245.8950305397625,749.3313041204487
736,12.0,925.0,1093.0,153.3650415569048,0.12585784587741203,155.77232491151358,551.6442472743081
737,3.0,852.0,952.0,207.3833216469834,0.05860617766501847,220.47153203252464,363.5669649688383
738,11.0,971.0,1010.0,235.88269320047687,0.12474801676756615,239.73305908367283,841.4921609842875
739,13.0,992.0,1036.0,319.15165774539855,0.1393034534362792,323.4424528376651,1267.790234915439
740,10.0,852.0,1009.0,300.6111905429788,0.11625983874141385,305.9079854508899,1000.7118157509564
741,10.0,897.0,933.0,269.99116510904463,0.12293823545216587,274.7888339300143,950.5490977376884
742,8.0,860.0,969.0,259.87229168659167,0.10202207681065445,265.6868929746853,762.6983160338557
743,5.0,521.0,606.0,310.14792783445625,0.10306020763522325,321.23312334882746,931.5364025810227
744,7.0,821.0,958.0,292.3061956841465,0.09395272919531765,299.7315234555538,792.3741863400503
745,6.0,637.0,641.0,232.97231685916265,0.11120047313717435,240.03951310380532,751.0655976806445
746,12.0,1012.0,1045.0,287.00446719410803,0.13006762449465956,291.2221724560636,1065.8157734897534
747,5.0,918.0,1056.0,245.63329580341966,0.07098828910149123,254.58037880892033,508.51074615888797
748,4.0,801.0,1075.0,197.36421717961073,0.06187670875901118,206.62516351549002,359.7484348215925
749,9.0,1001.0,1037.0,205.2785515808685,0.10556964316471243,209.444776980628,622.1528367878443
750,15.0,1022.0,1022.0,314.80031709242934,0.15768137019377404,318.4657917529369,1412.9658701720248
751,11.0,1040.0,1091.0,224.26261581770748,0.11792535942944969,227.9410412891377,756.3420284788084
752,4.0,846.0,1029.0,168.92169660581487,0.06388252965768214,176.994513638363,318.1488862972512
753,11.0,905.0,1062.0,354.19409830795496,0.12028056239157078,359.7950989796015,1217.696872820342
754,12.0,715.0,1034.0,361.91732763342037,0.13107233617573652,367.1498822411785,1354.0756578634348
755,8.0,773.0,946.0,251.72318863759497,0.1037783998422831,257.3710659797907,751.545344354164
756,10.0,820.0,1015.0,271.80317378378953,0.11576336755539791,276.63037951031407,901.0720567102278
757,17.0,1052.0,1063.0,198.28712712388204,0.16974926434785292,200.4075108897302,957.2169764315713
758,14.0,1001.0,1039.0,277.3752008785871,0.14740829028285476,280.87179705172076,1164.9801873481233
759,7.0,884.0,886.0,246.2974887331093,0.09925399471723861,252.6438913123186,705.5784278736086
760,9.0,844.0,1061.0,310.1856723660498,0.10382352904378414,316.25540477349915,923.8941996616943
761,11.0,992.0,1031.0,324.40251539574854,0.12290449448251463,329.56269481772995,1139.709865755948
762,14.0,865.0,896.0,209.03625364767544,0.1637992885128186,211.74084647789505,975.8996300935311
763,8.0,902.0,962.0,111.93201867799749,0.10255028423213522,114.71988365843822,331.02749208099766
764,7.0,982.0,1056.0,296.975324708223,0.08758540607852501,304.51014568784115,750.4504327474697
765,7.0,817.0,1054.0,281.0731796602756,0.08770671262594998,288.23508807531164,711.3251743380097
766,7.0,984.0,1063.0,268.6011704170873,0.08716346293961844,275.4706045188564,675.6133703426256
767,9.0,1044.0,1064.0,280.83535974276367,0.10360931773344599,286.37253987599024,834.8696677667257
768,12.0,702.0,820.0,247.87429658119927,0.1542530679467588,251.56190290133398,1091.8605610240288
769,8.0,803.0,856.0,248.3879112127106,0.11127422574367751,253.9675515219964,795.1724238452293
770,8.0,840.0,847.0,256.7842478645848,0.11208379751760673,262.5356703159384,827.9796311959752
771,7.0,899.0,1020.0,244.369982600808,0.08982157485594143,250.67118428083816,633.5393222023023
772,7.0,867.0,1023.0,341.81835734662866,0.0896308755010098,350.404767923399,883.7229689873707
773,10.0,842.0,1043.0,315.32405201872626,0.1135014716955883,320.86067602122597,1024.7230007123258
774,13.0,873.0,1010.0,283.30122327653584,0.14189045423786556,287.1441760002802,1146.4145479782208
775,8.0,829.0,1016.0,339.5938063364088,0.09861174912630467,347.03944424478544,962.932841343883
776,9.0,821.0,1066.0,319.8464595554299,0.10346700059218504,326.0914839352177,949.3575619691113
777,12.0,1038.0,1086.0,239.5326345715955,0.1264547188204067,243.10723585916696,865.0105874001283
778,10.0,988.0,1058.0,238.74938748877602,0.11232572461149816,243.03779526271154,768.1420553660103
779,9.0,777.0,812.0,298.8247064819214,0.12533045217316402,304.68829770455216,1074.4862898871384
780,10.0,1025.0,1065.0,204.5763279488978,0.11178533866576658,208.3076928972564,655.207188066035
781,10.0,946.0,1073.0,225.0736242340694,0.11117408660888528,229.13910828072105,716.788924430597
782,2.0,403.0,1060.0,47.505885481248534,0.04596546460378683,53.76935918021288,69.5432546951777
783,11.0,978.0,1052.0,190.71504395102423,0.12111466574508824,193.89707140973107,660.7793798337367
784,9.0,820.0,950.0,193.55828269821734,0.11242361633007292,197.51184747224278,624.7973802223596
785,13.0,946.0,963.0,133.03533928658874,0.14681926607718696,135.00117586401197,557.7108550029916
786,8.0,867.0,935.0,236.7830153527731,0.1046399340837633,242.125229037574,712.8957069474216
787,9.0,797.0,929.0,207.77183757554732,0.11421348334815938,211.98330287253708,681.2515902825656
788,7.0,912.0,1092.0,176.86208442696355,0.08545787456731967,181.58019506099643,436.62546682571605
789,11.0,707.0,817.0,193.91190042026662,0.1446947305873818,197.14123124878515,802.6360788799703
790,9.0,834.0,995.0,257.24774782956115,0.10877095384404707,262.3569380967481,802.9601424195807
791,10.0,1018.0,1026.0,352.80102557189605,0.11486409762500199,358.9485483210464,1160.1255827461791
792,9.0,1078.0,1083.0,186.69015613283895,0.1022729082068295,190.51910089109185,548.2613439903921
793,9.0,956.0,1058.0,145.7847730043206,0.1040386279490405,148.87150233568354,435.80748466333023
794,12.0,1089.0,1089.0,278.6337797006109,0.1261982243205121,282.73808671990327,1003.9823002260086
795,6.0,570.0,825.0,208.4840148923312,0.09436071191115329,214.87861015994875,570.5226523283616
796,6.0,874.0,1059.0,208.97146102621664,0.07912269650881981,215.3794445943518,479.50576148460567
797,8.0,975.0,1006.0,210.24105755583736,0.09931811967146953,215.040244614376,600.9477750482533
798,18.0,1032.0,1080.0,218.51822028956866,0.1759492983652121,220.701639093623,1092.6513215379491
799,13.0,892.0,908.0,246.28400644742052,0.1530402571522187,249.66454139836924,1075.1054174672886
800,9.0,796.0,1084.0,261.4716277254513,0.10220352521485568,266.65745897678966,766.8459170256403
801,5.0,697.0,786.0,259.73125994287125,0.08728614578777309,269.14557080858305,661.0298204734615
802,7.0,819.0,930.0,233.7867564286403,0.09594561412951301,239.83977662110917,647.4926389797496
803,8.0,581.0,584.0,222.09305087099634,0.14234765940730684,227.13471996472066,909.750606566055
804,7.0,1085.0,1086.0,305.02043846585497,0.08580525623480843,312.7439210376462,755.0770438093482
805,8.0,769.0,1064.0,194.2914294654737,0.095356417362548,198.76430025155378,533.3064145696708
806,11.0,702.0,913.0,300.61514620075843,0.13403446292404075,305.4233477555119,1151.8799240211838
807,3.0,458.0,475.0,381.1410449541398,0.09092298589249506,404.0437566648427,1033.6906482818315
808,6.0,927.0,1016.0,214.6737770153362,0.08154246394447873,221.23838162280612,507.61307568084476
809,8.0,934.0,990.0,180.9890337034901,0.10046960550379201,185.1897484132513,523.5282676105135
810,11.0,1023.0,1064.0,245.05543842467233,0.12011511847524027,249.04153194021688,841.7012082897016
811,6.0,435.0,679.0,250.78171246389647,0.10724772991687048,258.3380654046709,779.5877545970635
812,10.0,968.0,1069.0,270.305417327478,0.11147887475151663,275.10820866150493,862.9479926710003
813,12.0,1051.0,1069.0,251.2552873771133,0.12792811136375573,254.98869619734313,917.8578236369339
814,10.0,992.0,1066.0,286.15595695212335,0.11170856482832611,291.2171222654871,915.3598846317959
815,8.0,941.0,1006.0,207.87699777109844,0.09931811967146953,212.62781811083622,594.2060493663028
816,10.0,675.0,1026.0,268.1422127968159,0.11486409762500199,272.90974250720467,882.0472336333353
817,9.0,950.0,1087.0,237.15625834893794,0.10199593993330987,241.9008948019028,694.2387595556239
818,10.0,997.0,1088.0,264.33408208813546,0.11004582366643906,269.03953682137285,833.0636204712291
819,19.0,1046.0,1064.0,301.2337673758424,0.1861383214424234,304.00549394365964,1592.2297082971247
820,8.0,947.0,993.0,266.33185472496314,0.10025167249796811,272.27861335995226,768.0573584853204
821,7.0,935.0,1028.0,290.16613125025185,0.08931483632925523,297.541273533223,747.7549931217009
822,5.0,513.0,939.0,214.7416189207488,0.07723766128605132,222.66490501873477,483.9153344113117
823,10.0,977.0,1082.0,197.66518079597103,0.11049436956894804,201.28388960555012,625.8030305530882
824,10.0,865.0,1089.0,334.28814916833886,0.109971419830374,340.13390013819156,1052.4906553891185
825,11.0,967.0,988.0,245.84282673257684,0.12673959014166275,249.84057110597897,890.9713923440726
826,9.0,1058.0,1067.0,255.0184243725302,0.10339598853541074,260.08716426045686,756.6779990506838
827,7.0,834.0,1076.0,311.82680498814136,0.08639054443543677,319.7098999636466,777.160632410265
828,11.0,763.0,975.0,283.5093080573146,0.1279466035501213,288.0643972826835,1037.0670716025297
829,4.0,848.0,1059.0,389.74493648109393,0.06255994128003718,407.04220186981433,716.5133207291547
830,10.0,635.0,873.0,197.31576847014847,0.128778373189044,200.92878163433062,728.070748364434
831,16.0,1042.0,1046.0,224.02030138007146,0.16340243637133597,226.53512529264987,1041.5558823911997
832,10.0,845.0,1066.0,243.82837466802835,0.11170856482832611,248.1995731960694,780.1462047252028
833,15.0,1047.0,1075.0,306.15514298914945,0.15197698991542832,309.7271774334253,1324.4807504282817
834,13.0,933.0,950.0,231.52091274040765,0.14824359566031206,234.71702764316404,979.0593844360976
835,8.0,928.0,1023.0,284.3994877233466,0.09812323851015238,290.715895269193,802.6554316194407
836,13.0,975.0,977.0,231.58762306031244,0.1453156682786326,234.7845713060426,959.9983688119408
837,4.0,582.0,671.0,166.0596311785024,0.08543691878134692,174.01289116288322,418.32661621909944
838,14.0,703.0,966.0,307.5543350980238,0.15534378674939547,311.4006875398234,1361.1373525285005
839,12.0,972.0,1078.0,231.9399609775552,0.12714382926449497,235.4117038268743,842.1934030689903
840,8.0,861.0,967.0,294.4331027882632,0.10217243716449133,300.9547898458774,865.213944170975
841,6.0,948.0,976.0,219.9304226190802,0.08393017750307945,226.63940738707498,535.2319928652835
842,4.0,713.0,724.0,168.5090665104948,0.08137227122005185,176.5646467476466,404.267366408236
843,10.0,791.0,987.0,188.7717546625357,0.11811724817589009,192.2454949124034,638.9369278705962
844,6.0,912.0,1029.0,268.3069650358676,0.08079544038724004,276.34467033902655,628.2412419695422
845,8.0,931.0,1009.0,413.3051597848526,0.09910514822071267,422.25887135857715,1177.5069940740643
846,11.0,871.0,980.0,262.3748590044944,0.12747965682488446,266.61722519430305,956.3515968242457
847,10.0,987.0,1085.0,275.60799582397686,0.11026964047991626,280.4972225942306,870.3080917359921
848,10.0,993.0,1049.0,279.6054879954912,0.11302823152165259,284.5598764563991,905.0010719427742
849,9.0,818.0,851.0,297.3964629350791,0.12139189242765862,303.23413912372786,1035.753175267386
850,11.0,961.0,1065.0,322.161582353358,0.12003256707379645,327.2886030503709,1105.3974900084725
851,9.0,865.0,983.0,236.20546432367962,0.10972158666564297,240.93284891541333,743.8349710815072
852,11.0,799.0,1022.0,285.55652110806733,0.12368786105557417,290.14190261491797,1009.778294979223
853,13.0,866.0,1090.0,246.2588145454987,0.13422087756815482,249.63903480009319,942.8032397671107
854,14.0,903.0,916.0,252.4372881335458,0.1612909425718046,255.64487033939318,1160.20721030772
855,14.0,1065.0,1089.0,219.34119105053068,0.14242502881065,222.1652113112608,890.3297133369834
856,2.0,419.0,723.0,310.50497094191445,0.05988270141487419,339.69883534997115,572.3793264612491
857,9.0,1028.0,1074.0,233.3581795794376,0.10290162038259518,238.0339010769696,689.2067548463133
858,9.0,826.0,893.0,255.80972842522928,0.11741814084136812,260.89282627854715,861.9574638034568
859,8.0,943.0,1044.0,283.2541566413494,0.09668632166239557,289.5471316552715,787.7216877147371
860,4.0,834.0,973.0,230.18067523823078,0.06650713105532205,240.8124633512944,450.64615674844373
861,11.0,915.0,970.0,296.9071037519961,0.12841698362063572,301.66043800040694,1090.0070811864257
862,7.0,911.0,935.0,258.4490951195444,0.0955835645734935,265.08045841868767,712.9341742114871
863,11.0,852.0,1020.0,304.79270551021256,0.1238633005655617,309.6627217366057,1079.2450675740217
864,6.0,908.0,908.0,240.51438692720714,0.088327019854701,247.78873529303115,615.8339597975297
865,7.0,1003.0,1092.0,216.74494160532763,0.08545787456731967,222.39832345644484,534.7762280341607
866,11.0,804.0,1041.0,330.5685867377248,0.12204564367294968,335.820004523324,1153.2337474706815
867,7.0,910.0,1082.0,311.76714226614365,0.08603841726303754,319.64883812356743,773.8451058597497
868,8.0,1061.0,1091.0,347.0091626723893,0.09361802189539571,354.6065126724084,934.1027818567126
869,15.0,996.0,1077.0,265.68918405320494,0.15176980049579564,268.8238475541282,1147.9993795837674
870,9.0,914.0,925.0,317.7489697942781,0.11456089173316383,323.9559358761255,1044.2652468391934
871,11.0,1064.0,1082.0,332.36064134179054,0.11864635367091876,337.6385758704699,1127.1843567473925
872,4.0,780.0,1013.0,400.0484268504715,0.0646110367892562,417.77609990305154,759.5192731954451
873,8.0,708.0,811.0,157.95629960160147,0.11544341580465924,161.68578351563033,525.2057854066987
874,9.0,799.0,932.0,293.5591957520299,0.11395430667115497,299.32724592369675,959.7662861929335
875,7.0,848.0,869.0,137.66733191946832,0.10059416308668312,141.46630770523635,400.41865061578727
876,9.0,866.0,1082.0,312.955069823503,0.1023423854669762,319.07505208461225,918.8336289974504
877,9.0,769.0,879.0,273.39985153078806,0.11871349905613957,278.80211668511424,931.2894218448749
878,7.0,1033.0,1074.0,269.9449849385798,0.08650856154195322,276.84593210465704,673.8849147910037
879,9.0,839.0,843.0,336.93091516680084,0.12217949027454837,343.4859316685286,1180.8527913552052
880,10.0,974.0,1075.0,201.46719553950635,0.11102231666250978,205.14787963207561,640.8639103007578
881,11.0,674.0,832.0,226.96401838970203,0.14291865850428603,230.68241607949824,927.6665989776808
882,7.0,1040.0,1064.0,270.43056333613987,0.08710351699164916,277.34289753742485,679.7375109868354
883,10.0,738.0,938.0,209.02915279903942,0.12247537753557997,212.83310165325014,733.4600410653748
884,8.0,852.0,1063.0,221.39024762158354,0.09542204308044137,226.41753793886738,607.9211765505132
885,4.0,648.0,775.0,152.39927254313,0.07781015641837612,159.78189841839279,349.8262242429114
886,7.0,628.0,697.0,198.7559829597792,0.11651104488442557,203.98751551431118,668.7428981725669
887,10.0,1056.0,1075.0,218.06608522600376,0.11102231666250978,222.01734188470854,693.5626248245563
888,9.0,833.0,940.0,264.8989817185927,0.11326888489584834,270.14700123984977,860.9923118697103
889,6.0,1054.0,1055.0,315.07536579452136,0.07934171607929602,324.39762206764055,724.2153891391104
890,5.0,767.0,824.0,194.42366166534603,0.08455403713919431,201.6735799211102,479.81282638466655
891,8.0,1029.0,1066.0,305.5980348128699,0.09522543635604512,312.3481471967601,836.9131716441691
892,11.0,982.0,1081.0,235.53350588859158,0.1187270087282182,239.3787049034259,799.6934457179244
893,10.0,785.0,805.0,279.1480000431938,0.13610613739351773,284.0949311565581,1088.0019949619787
894,9.0,989.0,1056.0,321.41764419596103,0.10418252305555795,327.6911772313219,960.6122417324159
895,13.0,962.0,1015.0,207.28039994607076,0.14138551831973833,210.17370321418892,836.1261421834405
896,9.0,613.0,787.0,285.64992998876886,0.12799244883144265,291.2744689984348,1048.9994608749225
897,11.0,1064.0,1079.0,204.1081632251567,0.11888864826355124,207.48836651066455,694.1009492591681
898,12.0,947.0,1069.0,245.7049039919975,0.12792811136375573,249.36312141098722,897.6079933224353
899,14.0,908.0,1063.0,261.9039767490909,0.14497352392538232,265.22127163465666,1081.8960770542244
900,7.0,880.0,1051.0,224.52614623593982,0.08788930379856108,230.36200088966262,569.6857599582302
901,16.0,958.0,1084.0,211.7618265758673,0.15918998847156327,214.15252112472547,959.2403530795501
902,9.0,811.0,1055.0,284.19369863853234,0.10425461997735488,289.7918147842473,850.0998148735694
903,6.0,790.0,1058.0,199.7457951973472,0.07917733796166701,205.90038464045853,458.71881270478457
904,8.0,775.0,1037.0,231.73157248847696,0.09716059496046717,236.9704378069915,647.8475696704096
905,8.0,910.0,945.0,267.7023007459274,0.10385613447566168,273.67709757933926,799.7589464052306
906,6.0,383.0,836.0,114.11391000785989,0.0935141060266744,117.91651564576642,310.2703399343648
907,5.0,358.0,588.0,273.60358465075393,0.10495695480100739,283.4776453445477,837.1794048098363
908,12.0,980.0,1061.0,230.6074913946197,0.12863341854303786,234.06118319266918,847.1722178256605
909,10.0,808.0,1041.0,311.2335092947412,0.11366010028156817,316.70345482279964,1012.8597972504914
910,7.0,529.0,862.0,253.37938160067242,0.10115657511978475,259.89185780223744,739.7335019380197
911,6.0,771.0,839.0,212.09643973871243,0.09328584362261358,218.5902546453395,573.7663004640102
912,15.0,1013.0,1093.0,331.4077994547196,0.15013240286423382,335.2527738828963,1416.2349666959533
913,13.0,1013.0,1031.0,210.09067818271328,0.13979360154872847,213.01908734788265,837.9040913768599
914,6.0,1055.0,1057.0,262.3707709369042,0.0792320549365023,270.24543145418204,602.4871354418412
915,10.0,733.0,999.0,268.00541819525415,0.11709682196716378,272.7707180657514,898.7343746135595
916,10.0,971.0,1012.0,186.01216646762958,0.11601107198679761,189.44092365697483,618.3889774563729
917,21.0,1049.0,1073.0,236.10794585381353,0.20139753682942166,238.11242624818487,1349.3503076466652
918,7.0,890.0,1022.0,244.7202218404203,0.08969435191737274,251.02963679058902,633.5466391528244
919,8.0,572.0,1050.0,164.1055460744901,0.09628347157722202,167.96083851371424,455.0386353512398
920,10.0,984.0,1020.0,301.0448112973064,0.11535286913815639,306.34867450210027,994.3354064291975
921,6.0,863.0,1029.0,226.62843481009213,0.08079544038724004,233.52138862379303,530.8869066860566
922,10.0,821.0,1011.0,286.26160992597704,0.11609387586542648,291.3244974506932,951.6446579266366
923,14.0,1009.0,1082.0,258.51829367755727,0.14310230597682574,261.79635072848623,1054.1410311510783
924,6.0,725.0,857.0,294.5449262811431,0.09193933276875317,303.3032890799758,784.633714184191
925,10.0,1002.0,1028.0,288.75752740569516,0.11470209294045755,293.86109998887633,948.4226995073612
926,10.0,913.0,977.0,370.7953124225749,0.11898128831309795,377.23615360813415,1262.9334688249671
927,11.0,916.0,1077.0,234.1622778759743,0.11905072852352315,237.98718705096093,797.2125568377868
928,8.0,954.0,988.0,262.0385358331022,0.10061542133347483,267.8974566947382,758.4407137246068
929,10.0,882.0,1019.0,241.62166562420103,0.11543473575505732,245.95689337708905,798.8845266340567
930,6.0,561.0,690.0,165.83439385624868,0.10615542659152334,171.05756544502256,510.94362403925277
931,10.0,780.0,929.0,205.5191359191304,0.12331104831340954,209.26586924312718,726.0873810561427
932,5.0,599.0,769.0,227.1085130315133,0.08856640514813374,235.44165671004598,586.733411538702
933,8.0,994.0,1087.0,250.02077126983036,0.09387155161650608,255.63381855288802,675.2130093772828
934,8.0,885.0,1000.0,218.38773750540108,0.09974682040866395,223.35359893521616,626.8743685767961
935,18.0,1051.0,1090.0,194.92494367659373,0.17476047928555327,196.89624059824192,968.2090743250644
936,12.0,1055.0,1062.0,175.0765807985205,0.1285448301255094,177.77799177376085,643.0150059598616
937,2.0,751.0,1076.0,311.0164519828164,0.0454638068685931,340.2549114512994,435.2699628892896
938,12.0,905.0,1061.0,221.06628376581682,0.12863341854303786,224.3907202095323,812.1704825482597
939,4.0,837.0,888.0,369.7584247718184,0.07093041316463423,386.22079368321886,770.8265041153376
940,16.0,1046.0,1051.0,304.3974837653742,0.162835474018983,307.7262073405512,1409.9444569179977
941,10.0,897.0,930.0,199.35646450382558,0.12321763327811128,203.00274232443735,703.8226921905264
942,5.0,879.0,952.0,376.9175074885322,0.07648947652199736,390.21554788748284,839.8365197952797
943,16.0,1024.0,1075.0,238.02226029627525,0.16016792456601092,240.678868099498,1084.6809327348246
944,11.0,990.0,994.0,246.2378612570127,0.1261901546579591,250.24145089258957,888.5322990809
945,10.0,1028.0,1030.0,323.1834078677472,0.11454054459612077,328.84814441996593,1059.846907076307
946,5.0,933.0,937.0,153.94556204519745,0.07735406771622984,159.85397484075048,347.9325767542564
947,11.0,993.0,1028.0,209.63989672665483,0.12316451181085498,213.10195218101626,738.518732127448
948,18.0,954.0,1027.0,270.9615791252282,0.1825301644626688,273.61650445965574,1405.2883078556013
949,6.0,1037.0,1077.0,244.99384585705624,0.0781518885581795,252.39122800680047,555.0118188909387
950,13.0,954.0,1066.0,262.39780508778244,0.13643325753674837,265.9796330455218,1021.0737904993931
951,9.0,448.0,961.0,276.0011340204876,0.11150827331965293,281.4505986347843,883.0753560458568
952,6.0,904.0,1037.0,412.74943386468493,0.08034249855197315,424.7544271321042,960.2222060210307
953,4.0,446.0,453.0,176.27836262903222,0.10753002800192411,184.6584896432793,558.7114033152594
954,13.0,1074.0,1077.0,254.37763516617767,0.13541026450965946,257.859275442879,982.4780172411241
955,16.0,1013.0,1070.0,247.44054173078504,0.16071643197918303,250.19251908857936,1131.418041088117
956,15.0,960.0,977.0,303.8316652544593,0.16287192158899005,307.37858669819343,1408.6669558345375
957,8.0,940.0,1025.0,286.37765769629203,0.09798455177965425,292.73453697277716,807.0864786785123
958,10.0,882.0,1078.0,281.5662541668568,0.11079543711625994,286.55260437608626,893.3357879979378
959,6.0,850.0,990.0,251.44143618262066,0.08307873308093942,259.01590923716947,605.4869713850464
960,6.0,745.0,1023.0,234.60274955180947,0.08113851249186596,241.71472761201179,551.8469564289071
961,8.0,972.0,1065.0,184.77535732706792,0.09529088184970166,189.05353710398728,506.90275397742926
962,12.0,967.0,1075.0,250.0899982362907,0.1274041859636799,253.807620809469,909.8647770448075
963,10.0,823.0,943.0,236.86941964892821,0.12201599183216835,241.12718273925614,827.8495632096
964,13.0,1071.0,1093.0,228.88177994776635,0.13394936487301728,232.04492689634836,874.5834085678594
965,14.0,957.0,1082.0,259.92794927640443,0.14310230597682574,263.22234330634586,1059.8828884468576
966,11.0,1030.0,1057.0,278.09808539220654,0.1206961730116662,282.5731056281404,959.6498993590518
967,8.0,829.0,872.0,214.77137580654244,0.10986349732810302,219.6632494503886,679.0461968604777
968,10.0,1035.0,1061.0,272.39581321150683,0.1120934922102035,277.2326793414547,874.406383149434
969,5.0,864.0,898.0,273.5806089745559,0.07969624812369387,283.45390821968084,635.6364936749231
970,10.0,977.0,1065.0,258.3151557542575,0.11178533866576658,262.9224981212887,826.9915924723673
971,8.0,1083.0,1083.0,236.21890851836108,0.09412645824907225,241.54958104129722,639.7444155731866
972,2.0,1046.0,1047.0,82.41934365969288,0.046381287003168466,91.72685546105215,119.70927438412849
973,18.0,741.0,755.0,326.68072661414516,0.22588974404640555,329.83661036334894,2096.4469127949214
974,10.0,1089.0,1090.0,263.61681632837127,0.10989711653771642,268.31057916890467,829.6837645691812
975,3.0,420.0,977.0,158.02197673762223,0.05753440172685307,168.32206941648576,272.49413597419294
976,8.0,838.0,862.0,243.81135198042745,0.11074097727893938,249.29735965195496,776.8094999264355
977,10.0,1034.0,1084.0,289.22322161445584,0.1103444485372442,294.33438531243314,913.8606703584192
978,6.0,922.0,1042.0,269.2389733116508,0.0800619797822578,277.3022773548831,624.6953293740526
979,8.0,791.0,997.0,278.78548158568685,0.09996256162487739,284.9870311833716,801.587564972145
980,10.0,931.0,1084.0,240.48247125360754,0.1103444485372442,244.79912940635964,760.0617109855672
981,13.0,768.0,921.0,224.40486492224895,0.1515227351603903,227.51208640553594,969.9978504776557
982,4.0,812.0,955.0,140.47404203845818,0.06739716663437807,147.35851530538173,279.4508107191665
983,4.0,1048.0,1082.0,203.17066250854003,0.06158246495712876,212.67416146297478,368.5193487272875
984,13.0,996.0,1086.0,261.91575589668224,0.13458461133752328,265.4915621128532,1005.3901474590583
985,9.0,1064.0,1077.0,208.39542591089696,0.10269119253738472,212.61820602386268,614.3588859380834
986,6.0,921.0,1078.0,299.58775845084347,0.07809865281979127,308.48462876436247,677.8998982566662
987,10.0,940.0,961.0,340.3134018491078,0.12039035738670113,346.2573683086855,1172.9492584692741
988,10.0,835.0,923.0,269.1257159530232,0.12387452659000765,273.90927739672685,954.7226971480773
989,7.0,875.0,1073.0,308.047928615576,0.08656769109419624,315.84240721416586,769.3337283738346
990,14.0,777.0,905.0,230.8244128049364,0.16266094520708396,233.7815160349751,1069.9955209255347
991,1.0,150.0,1030.0,236.62219426609468,0.03848604227160824,286.4729147919389,310.2239454346369
992,6.0,1035.0,1049.0,225.68203124424102,0.07967252841993584,232.54899093373052,521.3286068612313
993,7.0,801.0,1004.0,191.5071773924771,0.09085250015268528,196.56872214560815,502.5043144763877
994,10.0,939.0,966.0,303.6450827152685,0.11994645135982113,308.99133201476474,1042.8508460112805
995,7.0,893.0,972.0,318.4552136799525,0.092987013255752,326.49374786676594,854.2513328661556
996,9.0,1010.0,1071.0,213.11906128816597,0.10311291238759353,217.42755029272175,630.8354980828211
997,10.0,973.0,1062.0,196.6546580506003,0.11201629465762934,200.25689469020193,631.1857386162648
998,5.0,952.0,1039.0,349.1178501709577,0.07183277613487103,361.49456786865784,730.6559479862024
999,6.0,872.0,991.0,326.975681882313,0.08301857618647283,336.62479480063354,786.3391158484272
1000,6.0,931.0,1073.0,307.30684090301406,0.07836555925596547,316.41572519798837,697.7049330489807
